,food_name,fdc_id,price_per_100_g,203,204,205,207,208,209,210,211,212,213,214,221,255,262,263,269,287,291,301,303,304,305,306,307,309,312,313,315,317,318,319,320,321,322,323,324,325,326,328,334,337,338,341,342,343,344,345,346,347,401,404,405,406,410,415,417,418,421,428,429,430,431,432,435,454,501,502,503,504,505,506,507,508,509,510,511,512,513,514,515,516,517,518,521,573,578,601,605,606,607,608,609,610,611,612,613,614,615,617,618,619,620,621,624,625,626,627,628,629,630,631,636,638,639,641,645,646,652,653,654,662,663,664,665,666,670,671,672,673,674,675,676,685,687,689,693,695,696,697,851,852,853,856,857,858
0,2% Milk,171267,0.08790939875482813,3.3,1.98,4.8,0.71,50.0,0.0,0.01,0.01,0.01,5.01,0.01,0.0,89.21,0.0,0.0,5.06,0.02,0.0,120.0,0.02,11.0,92.0,140.0,47.0,0.48,0.006,3.4,0.014,2.5,190.0,55.0,55.0,4.0,0.0,0.03,49.0,0.0,1.2,1.2,0.0,0.0,0.0,0.0,0.0,0.0,0.0,0.0,0.0,0.0,0.2,0.039,0.185,0.092,0.356,0.038,5.0,0.53,16.4,0.0,0.0,0.2,0.0,5.0,5.0,0.9,0.042,0.141,0.171,0.313,0.276,0.087,0.02,0.171,0.167,0.216,0.094,0.1,0.112,0.283,0.742,0.065,0.326,0.199,0.0,0.0,0.0,8.0,0.085,1.257,0.077,0.04,0.02,0.049,0.055,0.175,0.558,0.243,0.004,0.508,0.062,0.008,0.0,0.0,0.002,0.015,0.027,0.0,0.002,0.0,0.0,0.0,0.0,0.0,0.0,0.0,0.56,0.073,0.02,0.011,0.0,0.0,0.078,0.0,0.0,0.007,0.0,0.0,0.0,0.027,0.43,0.055,0.0,0.0,0.005,0.003,0.078,0.007,0.002,0.004,0.008,0.0,0.0,0.0,0.0,0.0
1,Almonds,170567,0.881849768073511,21.15,49.93,21.55,2.97,579.0,0.72,3.95,0.17,0.11,0.0,0.04,0.0,4.41,0.0,0.0,4.35,0.07,12.5,269.0,3.71,270.0,481.0,733.0,1.0,3.12,1.031,0.0,2.179,4.1,2.0,0.0,0.0,1.0,0.0,25.63,0.0,0.0,0.0,0.0,0.0,0.0,1.0,0.23,0.64,0.07,0.0,0.0,0.0,0.0,0.0,0.205,1.138,3.618,0.471,0.137,44.0,0.0,52.1,0.0,0.0,0.0,0.0,44.0,44.0,0.5,0.211,0.601,0.751,1.473,0.568,0.157,0.215,1.132,0.45,0.855,2.465,0.539,0.999,2.639,6.206,1.429,0.969,0.912,0.0,0.0,0.0,0.0,0.015,3.802,0.0,0.0,0.0,0.0,0.0,0.003,3.083,0.704,0.007,31.294,12.324,0.003,0.0,0.0,0.001,0.0,0.239,0.0,0.005,0.0,0.0,0.0,0.0,4.0,5.0,130.0,31.551,12.329,0.0,0.004,0.0,0.012,0.0,0.0,0.003,0.0,0.002,0.0,0.002,0.227,31.294,12.32,0.0,0.0,0.013,0.0,0.012,0.003,0.0,0.0,0.003,0.0,0.0,0.0,0.0,0.0
2,American Cheese,171290,0.7613302997701312,18.13,31.79,3.7,6.78,371.0,0.0,0.0,0.0,0.0,2.15,0.0,0.0,39.61,0.0,0.0,2.26,0.11,0.0,1045.0,0.63,26.0,641.0,132.0,1671.0,2.49,0.046,35.0,0.041,20.2,945.0,243.0,250.0,80.0,0.0,0.8,23.0,0.0,0.6,0.6,0.0,0.0,0.0,0.0,0.13,0.04,0.02,0.02,0.03,0.08,0.0,0.015,0.234,0.076,0.403,0.054,8.0,1.5,36.2,0.0,0.0,2.6,0.0,8.0,8.0,0.0,0.232,0.772,0.938,1.716,1.516,0.475,0.11,0.939,0.916,1.187,0.518,0.546,0.613,1.551,4.073,0.359,1.788,1.093,0.0,0.0,0.0,100.0,1.144,18.057,0.615,0.509,0.332,0.802,0.884,2.937,8.161,3.222,0.047,7.204,1.003,0.138,0.045,0.006,0.021,0.245,0.5,0.007,0.224,0.012,0.001,0.021,0.0,0.0,0.0,0.0,8.236,1.286,0.311,0.19,0.009,0.106,0.844,0.0,0.194,0.0,0.018,0.001,0.009,0.394,6.36,0.79,0.001,0.001,0.061,0.034,0.95,0.194,0.0,0.0,0.137,0.001,0.033,0.0,0.0,0.008
3,Apples,171688,0.2270763152789291,0.26,0.17,13.81,0.19,52.0,0.05,2.07,2.43,5.9,0.0,0.0,0.0,85.56,0.0,0.0,10.39,0.0,2.4,6.0,0.12,5.0,11.0,107.0,1.0,0.04,0.027,3.3,0.035,0.0,54.0,0.0,3.0,27.0,0.0,0.18,0.0,0.0,0.0,0.0,11.0,0.0,29.0,0.0,0.0,0.0,0.0,0.0,0.0,0.0,4.6,0.017,0.026,0.091,0.061,0.041,3.0,0.0,3.4,0.0,0.0,2.2,0.0,3.0,3.0,0.1,0.001,0.006,0.006,0.013,0.012,0.001,0.001,0.006,0.001,0.012,0.006,0.005,0.011,0.07,0.025,0.009,0.006,0.01,0.0,0.0,0.0,0.0,0.0,0.028,0.0,0.0,0.0,0.0,0.0,0.001,0.024,0.003,0.0,0.007,0.043,0.009,0.0,0.0,0.0,0.0,0.0,0.0,0.0,0.0,0.0,0.0,12.0,0.0,0.0,0.0,0.007,0.051,0.0,0.0,0.0,0.0,0.0,0.0,0.0,0.0,0.0,0.0,0.0,0.0,0.0,0.0,0.0,0.0,0.0,0.0,0.0,0.0,0.0,0.0,0.0,0.0,0.0,0.0,0.0,0.0
4,Asparagus,168389,0.7253214342404628,2.2,0.12,3.88,0.58,20.0,0.0,0.23,0.65,1.0,0.0,0.0,0.0,93.22,0.0,0.0,1.88,0.0,2.1,24.0,2.14,14.0,52.0,202.0,2.0,0.54,0.189,0.0,0.158,2.3,756.0,0.0,38.0,449.0,9.0,1.13,0.0,0.0,0.0,0.0,0.0,0.0,710.0,0.0,0.09,0.0,0.0,0.0,0.0,0.0,5.6,0.143,0.141,0.978,0.274,0.091,52.0,0.0,16.0,0.0,0.0,41.6,0.0,52.0,52.0,0.6,0.027,0.084,0.075,0.128,0.104,0.031,0.031,0.075,0.052,0.115,0.091,0.049,0.115,0.508,0.233,0.093,0.071,0.106,0.0,0.0,0.0,0.0,0.0,0.04,0.0,0.0,0.0,0.0,0.0,0.0,0.04,0.0,0.0,0.0,0.04,0.01,0.0,0.0,0.0,0.0,0.0,0.0,0.0,0.0,0.0,0.0,24.0,0.0,0.0,0.0,0.0,0.05,0.0,0.0,0.0,0.0,0.0,0.0,0.0,0.0,0.0,0.0,0.0,0.0,0.0,0.0,0.0,0.0,0.0,0.0,0.0,0.0,0.0,0.0,0.0,0.0,0.0,0.0,0.0,0.0
5,Atlantic Salmon,175167,1.763699536147022,20.42,13.42,0.0,1.13,208.0,0.0,0.0,0.0,0.0,0.0,0.0,0.0,64.89,0.0,0.0,0.0,0.0,0.0,9.0,0.34,27.0,240.0,363.0,59.0,0.36,0.045,0.0,0.011,24.0,193.0,58.0,58.0,0.0,0.0,3.55,441.0,0.0,0.0,11.0,0.0,0.0,0.0,0.01,0.3,0.05,0.06,0.0,0.0,0.0,3.9,0.207,0.155,8.672,1.547,0.636,26.0,3.23,78.5,0.0,0.0,0.5,0.0,26.0,26.0,3.0,0.209,0.86,0.968,1.615,1.87,0.626,0.219,0.845,0.759,1.107,1.221,0.549,1.271,2.025,2.83,0.96,0.721,0.896,0.042,0.0,0.0,55.0,0.0,3.05,0.0,0.0,0.0,0.0,0.0,0.556,1.877,0.495,0.022,2.715,0.9,0.167,0.092,1.104,0.011,0.0,0.791,0.121,0.265,0.862,0.0,0.393,0.0,0.0,0.0,0.0,3.77,3.886,0.046,0.043,0.0,0.0,0.0,0.0,0.0,0.0,0.0,0.0,0.062,0.0,0.0,0.0,0.0,0.02,0.0,0.018,0.0,0.0,0.0,0.0,0.148,0.0,0.0,0.0,0.0,0.0
6,Avocados,171705,0.3527399072294044,2.0,14.66,8.53,1.58,160.0,0.11,0.06,0.37,0.12,0.0,0.0,0.0,73.23,0.0,0.0,0.66,0.1,6.7,12.0,0.55,29.0,52.0,485.0,7.0,0.64,0.19,7.0,0.142,0.4,146.0,0.0,7.0,62.0,24.0,2.07,0.0,0.0,0.0,0.0,28.0,0.0,271.0,0.05,0.33,0.02,0.01,0.0,0.0,0.0,10.0,0.067,0.13,1.738,1.389,0.257,81.0,0.0,14.2,0.0,0.0,21.0,0.0,81.0,81.0,0.7,0.025,0.073,0.084,0.143,0.132,0.038,0.027,0.097,0.049,0.107,0.088,0.049,0.109,0.236,0.287,0.104,0.098,0.114,0.0,0.0,0.0,0.0,0.0,2.126,0.0,0.0,0.001,0.0,0.0,0.0,2.075,0.049,0.0,9.066,1.674,0.125,0.0,0.0,0.0,0.0,0.698,0.0,0.025,0.0,0.0,0.0,0.0,2.0,5.0,76.0,9.799,1.816,0.0,0.0,0.0,0.0,0.0,0.0,0.0,0.0,0.0,0.0,0.0,0.0,0.0,0.0,0.0,0.015,0.01,0.016,0.0,0.0,0.0,0.0,0.111,0.0,0.0,0.0,0.0,0.0
7,Bananas,173944,0.1058219721688213,1.09,0.33,22.84,0.82,89.0,5.38,2.39,4.98,4.85,0.0,0.01,0.0,74.91,0.0,0.0,12.23,0.0,2.6,5.0,0.26,27.0,22.0,358.0,1.0,0.15,0.078,2.2,0.27,1.0,64.0,0.0,3.0,26.0,25.0,0.1,0.0,0.0,0.0,0.0,0.0,0.0,22.0,0.0,0.02,0.01,0.06,0.0,0.0,0.0,8.7,0.031,0.073,0.665,0.334,0.367,20.0,0.0,9.8,0.0,0.0,0.5,0.0,20.0,20.0,0.1,0.009,0.028,0.028,0.068,0.05,0.008,0.009,0.049,0.009,0.047,0.049,0.077,0.04,0.124,0.152,0.038,0.028,0.04,0.0,0.0,0.0,0.0,0.0,0.112,0.0,0.0,0.0,0.001,0.002,0.002,0.102,0.005,0.0,0.022,0.046,0.027,0.0,0.0,0.0,0.0,0.01,0.0,0.0,0.0,0.0,0.0,16.0,0.0,0.0,0.0,0.032,0.073,0.0,0.0,0.0,0.0,0.0,0.0,0.0,0.0,0.0,0.0,0.0,0.0,0.0,0.0,0.0,0.0,0.0,0.0,0.0,0.0,0.0,0.0,0.0,0.0,0.0,0.0,0.0,0.0
8,Barley flour,169739,0.1462988765233955,10.5,1.6,74.52,1.28,345.0,0.0,0.0,0.0,0.0,0.0,0.0,0.0,12.11,0.0,0.0,0.8,0.0,10.1,32.0,2.68,96.0,296.0,309.0,4.0,2.0,0.343,0.0,1.034,37.7,0.0,0.0,0.0,0.0,0.0,0.57,0.0,0.0,0.0,0.0,0.0,0.0,160.0,0.0,0.0,0.0,0.0,0.0,0.0,0.0,0.0,0.37,0.114,6.269,0.145,0.396,8.0,0.0,37.8,0.0,0.0,2.2,0.0,8.0,8.0,65.5,0.175,0.356,0.383,0.713,0.391,0.202,0.232,0.589,0.301,0.515,0.526,0.236,0.409,0.655,2.741,0.38,1.247,0.443,0.0,0.0,0.0,0.0,0.0,0.335,0.0,0.0,0.0,0.0,0.004,0.008,0.286,0.012,0.0,0.168,0.695,0.077,0.0,0.0,0.0,0.0,0.004,0.0,0.0,0.0,0.0,0.0,0.0,0.0,0.0,0.0,0.205,0.771,0.0,0.0,0.0,0.0,0.0,0.0,0.0,0.0,0.0,0.0,0.0,0.0,0.0,0.0,0.0,0.0,0.0,0.0,0.0,0.0,0.0,0.0,0.0,0.0,0.0,0.0,0.0,0.0
9,Beef,168608,1.3227746521102666,19.42,12.73,0.0,1.71,198.0,0.0,0.0,0.0,0.0,0.0,0.0,0.0,67.13,0.0,0.0,0.0,0.0,0.0,12.0,1.99,19.0,175.0,289.0,68.0,4.55,0.063,0.0,0.01,14.2,0.0,0.0,0.0,0.0,0.0,0.35,0.0,0.0,0.0,0.0,0.0,0.0,0.0,0.0,0.0,0.0,0.0,0.0,0.0,0.0,0.0,0.049,0.154,4.818,0.576,0.355,6.0,1.97,67.4,0.0,0.0,1.1,0.0,6.0,6.0,8.0,0.0,0.0,0.0,0.0,0.0,0.0,0.0,0.0,0.0,0.0,0.0,0.0,0.0,0.0,0.0,0.0,0.0,0.0,0.0,0.0,0.0,62.0,0.751,5.335,0.0,0.0,0.001,0.005,0.009,0.345,2.747,1.98,0.019,4.363,0.426,0.071,0.012,0.0,0.003,0.074,0.347,0.002,0.015,0.001,0.0,0.016,0.0,0.0,0.0,0.0,4.8,0.532,0.078,0.147,0.0,0.0,0.615,0.0,0.136,0.0,0.109,0.0,0.001,0.0,3.748,0.181,0.0,0.0,0.0,0.001,0.615,0.136,0.0,0.002,0.071,0.0,0.0,0.0,0.0,0.0
10,Beef Liver,169451,0.33069366302756664,20.36,3.63,3.89,1.31,135.0,0.0,0.0,0.0,0.0,0.0,0.0,0.0,70.81,0.0,0.0,0.0,0.0,0.0,5.0,4.9,18.0,387.0,313.0,69.0,4.0,9.755,0.0,0.31,39.7,16898.0,4948.0,4968.0,232.0,11.0,0.38,49.0,0.0,1.2,1.2,13.0,0.0,0.0,0.0,0.07,0.0,0.0,0.0,0.0,0.0,1.3,0.189,2.755,13.175,7.173,1.083,290.0,59.3,333.3,0.0,0.0,3.1,0.0,290.0,290.0,4.4,0.263,0.869,0.967,1.91,1.607,0.543,0.376,1.084,0.807,1.26,1.241,0.629,1.164,1.927,2.612,1.164,0.961,0.905,0.046,0.0,0.0,275.0,0.17,1.233,0.0,0.0,0.0,0.0,0.0,0.015,0.312,0.862,0.0,0.423,0.299,0.016,0.141,0.0,0.009,0.0,0.036,0.0,0.007,0.0,0.0,0.0,0.0,0.0,0.0,0.0,0.479,0.465,0.007,0.03,0.0,0.0,0.0,0.0,0.0,0.0,0.0,0.0,0.01,0.0,0.0,0.299,0.0,0.009,0.013,0.0,0.0,0.0,0.0,0.0,0.007,0.0,0.0,0.0,0.0,0.0
11,Black Beans,173734,0.2920025044533413,21.6,1.42,62.36,3.6,341.0,0.0,0.0,0.0,0.0,0.0,0.0,0.0,11.02,0.0,0.0,2.12,0.0,15.5,123.0,5.02,171.0,352.0,1483.0,5.0,3.65,0.841,0.0,1.06,3.2,17.0,0.0,0.0,0.0,0.0,0.21,0.0,0.0,0.0,0.0,0.0,0.0,0.0,0.0,0.0,0.0,0.0,0.0,0.0,0.0,0.0,0.9,0.193,1.955,0.899,0.286,444.0,0.0,66.4,0.0,0.0,5.6,0.0,444.0,444.0,0.0,0.256,0.909,0.954,1.725,1.483,0.325,0.235,1.168,0.608,1.13,1.337,0.601,0.905,2.613,3.294,0.843,0.916,1.175,0.0,0.0,0.0,0.0,0.0,0.366,0.0,0.0,0.0,0.0,0.0,0.001,0.343,0.022,0.0,0.123,0.332,0.278,0.0,0.0,0.0,0.0,0.0,0.0,0.0,0.0,0.0,0.0,0.0,0.0,0.0,0.0,0.123,0.61,0.0,0.0,0.0,0.0,0.0,0.0,0.0,0.0,0.0,0.0,0.0,0.0,0.0,0.0,0.0,0.0,0.0,0.0,0.0,0.0,0.0,0.0,0.0,0.0,0.0,0.0,0.0,0.0
12,Blueberries,171711,0.5805510973150615,0.74,0.33,14.49,0.24,57.0,0.03,0.11,4.88,4.97,0.0,0.0,0.0,84.21,0.0,0.0,9.96,0.0,2.4,6.0,0.28,6.0,12.0,77.0,1.0,0.16,0.057,0.0,0.336,0.1,54.0,0.0,3.0,32.0,0.0,0.57,0.0,0.0,0.0,0.0,0.0,0.0,80.0,0.01,0.36,0.03,0.0,0.0,0.07,0.0,9.7,0.037,0.041,0.418,0.124,0.052,6.0,0.0,6.0,0.0,0.0,19.3,0.0,6.0,6.0,0.2,0.003,0.02,0.023,0.044,0.013,0.012,0.008,0.026,0.009,0.031,0.037,0.011,0.031,0.057,0.091,0.031,0.028,0.022,0.0,0.0,0.0,0.0,0.0,0.028,0.0,0.0,0.0,0.0,0.0,0.0,0.017,0.005,0.0,0.047,0.088,0.058,0.0,0.0,0.0,0.0,0.002,0.0,0.0,0.0,0.0,0.0,0.0,0.0,0.0,0.0,0.047,0.146,0.0,0.0,0.0,0.0,0.0,0.0,0.0,0.0,0.0,0.0,0.0,0.0,0.0,0.0,0.0,0.0,0.0,0.0,0.0,0.0,0.0,0.0,0.0,0.0,0.0,0.0,0.0,0.0
13,Bok Choy,170390,0.33069366302756664,1.5,0.2,2.18,0.8,13.0,0.0,0.0,0.0,0.0,0.0,0.0,0.0,95.32,0.0,0.0,1.18,0.0,1.0,105.0,0.8,19.0,37.0,252.0,65.0,0.19,0.021,0.0,0.159,0.5,4468.0,0.0,223.0,2681.0,1.0,0.09,0.0,0.0,0.0,0.0,0.0,0.0,40.0,0.0,0.0,0.0,0.0,0.0,0.0,0.0,45.0,0.04,0.07,0.5,0.088,0.194,66.0,0.0,6.4,0.0,0.0,45.5,0.0,66.0,66.0,0.3,0.015,0.049,0.085,0.088,0.089,0.009,0.017,0.044,0.029,0.066,0.084,0.026,0.086,0.108,0.36,0.043,0.031,0.048,0.0,0.0,0.0,0.0,0.0,0.027,0.0,0.0,0.0,0.0,0.001,0.001,0.024,0.001,0.0,0.015,0.042,0.055,0.0,0.0,0.0,0.0,0.0,0.0,0.0,0.0,0.0,0.0,0.0,0.0,0.0,0.0,0.015,0.096,0.0,0.0,0.0,0.0,0.0,0.0,0.0,0.0,0.0,0.0,0.0,0.0,0.0,0.0,0.0,0.0,0.0,0.0,0.0,0.0,0.0,0.0,0.0,0.0,0.0,0.0,0.0,0.0
14,Broccoli,170379,0.3791954002716098,2.82,0.37,6.64,0.87,34.0,0.0,0.1,0.49,0.68,0.21,0.21,0.0,89.3,0.0,0.0,1.7,0.0,2.6,47.0,0.73,21.0,66.0,316.0,33.0,0.41,0.049,0.0,0.21,2.5,623.0,0.0,31.0,361.0,25.0,0.78,0.0,0.0,0.0,0.0,1.0,0.0,1403.0,0.01,0.17,0.0,0.04,0.0,0.0,0.0,89.2,0.071,0.117,0.639,0.573,0.175,63.0,0.0,18.7,0.0,0.0,101.6,0.0,63.0,63.0,0.1,0.033,0.088,0.079,0.129,0.135,0.038,0.028,0.117,0.05,0.125,0.191,0.059,0.104,0.325,0.542,0.089,0.11,0.121,0.0,0.0,0.0,0.0,0.0,0.114,0.0,0.0,0.0,0.0,0.0,0.002,0.084,0.018,0.006,0.029,0.049,0.063,0.0,0.0,0.004,0.0,0.0,0.0,0.0,0.0,0.0,0.0,0.0,0.0,0.0,0.0,0.031,0.112,0.0,0.0,0.0,0.0,0.0,0.0,0.0,0.0,0.0,0.0,0.0,0.0,0.0,0.0,0.0,0.0,0.002,0.0,0.0,0.0,0.0,0.0,0.0,0.0,0.0,0.0,0.0,0.0
15,Brown rice,169704,0.19391876399936508,2.74,0.97,25.58,0.44,123.0,24.79,0.24,0.0,0.0,0.0,0.0,0.0,70.27,0.0,0.0,0.24,0.0,1.6,3.0,0.56,39.0,103.0,86.0,4.0,0.71,0.106,0.0,0.974,5.8,0.0,0.0,0.0,0.0,0.0,0.17,0.0,0.0,0.0,0.0,0.0,0.0,0.0,0.0,0.05,0.0,0.13,0.06,0.46,0.0,0.0,0.178,0.069,2.561,0.38,0.123,9.0,0.0,9.2,0.0,0.0,0.2,0.0,9.0,9.0,0.5,0.033,0.095,0.109,0.214,0.099,0.058,0.031,0.133,0.097,0.151,0.196,0.066,0.151,0.242,0.526,0.127,0.121,0.134,0.0,0.0,0.0,0.0,0.0,0.26,0.0,0.0,0.002,0.015,0.002,0.009,0.198,0.022,0.004,0.365,0.355,0.011,0.0,0.0,0.0,0.0,0.001,0.0,0.003,0.0,0.0,0.0,0.0,0.0,0.0,0.0,0.369,0.366,0.002,0.0,0.005,0.0,0.0,0.0,0.0,0.0,0.0,0.0,0.0,0.001,0.365,0.355,0.0,0.0,0.0,0.0,0.0,0.0,0.0,0.0,0.011,0.0,0.0,0.0,0.0,0.0
16,Brussels Sprouts,170383,0.4556223801713141,3.38,0.3,8.95,1.37,43.0,0.0,0.46,0.81,0.93,0.0,0.0,0.0,86.0,0.0,0.0,2.2,0.0,3.8,42.0,1.4,23.0,69.0,389.0,25.0,0.42,0.07,0.0,0.337,1.6,754.0,0.0,38.0,450.0,6.0,0.88,0.0,0.0,0.0,0.0,0.0,0.0,1590.0,0.0,0.0,0.0,0.0,0.0,0.0,0.0,85.0,0.139,0.09,0.745,0.309,0.219,61.0,0.0,19.1,0.0,0.0,177.0,0.0,61.0,61.0,0.8,0.037,0.12,0.132,0.152,0.154,0.032,0.022,0.098,0.0,0.155,0.203,0.076,0.0,0.0,0.0,0.0,0.0,0.0,0.0,0.0,0.0,0.0,0.0,0.062,0.0,0.0,0.002,0.0,0.0,0.0,0.053,0.003,0.0,0.019,0.045,0.099,0.001,0.0,0.0,0.0,0.002,0.0,0.0,0.0,0.0,0.0,24.0,0.0,0.0,0.0,0.023,0.153,0.0,0.0,0.0,0.0,0.0,0.0,0.0,0.0,0.0,0.0,0.0,0.0,0.0,0.0,0.0,0.0,0.0,0.0,0.0,0.0,0.0,0.0,0.0,0.0,0.0,0.0,0.0,0.0
17,Cabbage,169975,0.16534683151378332,1.28,0.1,5.8,0.64,25.0,0.0,0.08,1.67,1.45,0.0,0.01,0.0,92.18,0.0,0.0,3.2,0.0,2.5,40.0,0.47,12.0,26.0,170.0,18.0,0.18,0.019,1.0,0.16,0.3,98.0,0.0,5.0,42.0,33.0,0.15,0.0,0.0,0.0,0.0,0.0,0.0,30.0,0.0,0.0,0.0,0.04,0.0,0.0,0.0,36.6,0.061,0.04,0.234,0.212,0.124,43.0,0.0,10.7,0.0,0.0,76.0,0.0,43.0,43.0,0.4,0.011,0.035,0.03,0.041,0.044,0.012,0.011,0.032,0.019,0.042,0.075,0.022,0.042,0.122,0.294,0.03,0.048,0.053,0.0,0.0,0.0,0.0,0.0,0.034,0.0,0.0,0.0,0.0,0.0,0.0,0.034,0.0,0.0,0.017,0.017,0.0,0.0,0.0,0.0,0.0,0.0,0.0,0.0,0.0,0.0,0.0,11.0,0.0,0.0,0.0,0.017,0.017,0.0,0.0,0.0,0.0,0.0,0.0,0.0,0.0,0.0,0.0,0.0,0.0,0.0,0.0,0.0,0.0,0.0,0.0,0.0,0.0,0.0,0.0,0.0,0.0,0.0,0.0,0.0,0.0
18,Cantaloupe,169092,0.3086474188257288,0.84,0.19,8.16,0.65,34.0,0.03,4.35,1.54,1.87,0.0,0.04,0.0,90.15,0.0,0.0,7.86,0.06,0.9,9.0,0.21,12.0,15.0,267.0,16.0,0.18,0.041,1.0,0.041,0.4,3382.0,0.0,169.0,2020.0,16.0,0.05,0.0,0.0,0.0,0.0,1.0,0.0,26.0,0.0,0.11,0.0,0.0,0.0,0.0,0.0,36.7,0.041,0.019,0.734,0.105,0.072,21.0,0.0,7.6,0.0,0.0,2.5,0.0,21.0,21.0,0.1,0.002,0.017,0.021,0.029,0.03,0.012,0.002,0.023,0.014,0.033,0.029,0.015,0.095,0.136,0.209,0.026,0.019,0.042,0.0,0.0,0.0,0.0,0.0,0.051,0.0,0.0,0.0,0.0,0.001,0.001,0.043,0.005,0.0,0.003,0.035,0.046,0.0,0.0,0.0,0.0,0.0,0.0,0.0,0.0,0.0,0.0,10.0,0.0,0.0,0.0,0.003,0.081,0.0,0.0,0.0,0.0,0.0,0.0,0.0,0.0,0.0,0.0,0.0,0.0,0.0,0.0,0.0,0.0,0.0,0.0,0.0,0.0,0.0,0.0,0.0,0.0,0.0,0.0,0.0,0.0
19,Carrots,170393,0.17085839256424276,0.93,0.24,9.58,0.97,41.0,1.43,3.59,0.59,0.55,0.0,0.0,0.0,88.29,0.0,0.0,4.74,0.0,2.8,33.0,0.3,12.0,35.0,320.0,69.0,0.24,0.045,3.2,0.143,0.1,16706.0,0.0,835.0,8285.0,3477.0,0.66,0.0,0.0,0.0,0.0,0.0,1.0,256.0,0.01,0.0,0.0,0.01,0.0,0.0,0.0,5.9,0.066,0.058,0.983,0.273,0.138,19.0,0.0,8.8,0.0,0.0,13.2,0.0,19.0,19.0,0.4,0.012,0.191,0.077,0.102,0.101,0.02,0.083,0.061,0.043,0.069,0.091,0.04,0.113,0.19,0.366,0.047,0.054,0.054,0.0,0.0,0.0,0.0,0.0,0.032,0.0,0.0,0.0,0.0,0.0,0.0,0.03,0.002,0.0,0.011,0.1,0.002,0.0,0.0,0.0,0.0,0.002,0.0,0.0,0.0,0.0,0.0,0.0,0.0,0.0,0.0,0.012,0.102,0.0,0.0,0.0,0.0,0.0,0.0,0.0,0.0,0.0,0.0,0.0,0.0,0.0,0.0,0.0,0.0,0.0,0.0,0.0,0.0,0.0,0.0,0.0,0.0,0.0,0.0,0.0,0.0
20,Cashews,170162,1.358048642833207,18.22,43.85,30.19,2.54,553.0,23.49,5.81,0.05,0.05,0.0,0.0,0.0,5.2,0.0,0.0,5.91,0.0,3.3,37.0,6.68,292.0,593.0,660.0,12.0,5.78,2.195,0.0,1.655,19.9,0.0,0.0,0.0,0.0,0.0,0.9,0.0,0.0,0.0,0.0,0.0,0.0,22.0,0.03,5.31,0.36,0.0,0.1,0.2,0.0,0.5,0.423,0.058,1.062,0.864,0.417,25.0,0.0,0.0,0.0,0.0,34.1,0.0,25.0,25.0,0.0,0.287,0.688,0.789,1.472,0.928,0.362,0.393,0.951,0.508,1.094,2.123,0.456,0.837,1.795,4.506,0.937,0.812,1.079,0.0,0.0,0.0,0.0,0.0,7.783,0.0,0.0,0.015,0.015,0.015,0.015,3.916,3.223,0.266,23.523,7.782,0.062,0.0,0.0,0.173,0.0,0.136,0.0,0.138,0.0,0.0,0.0,0.0,0.0,9.0,113.0,23.797,7.845,0.0,0.046,0.101,0.0,0.0,0.0,0.0,0.0,0.0,0.0,0.0,0.0,0.0,0.0,0.0,0.0,0.0,0.0,0.0,0.0,0.0,0.0,0.0,0.0,0.0,0.0,0.0,0.0
21,Cauliflower,169986,0.584960346155429,1.92,0.28,4.97,0.76,25.0,0.0,0.0,0.94,0.97,0.0,0.0,0.0,92.07,0.0,0.0,1.91,0.0,2.0,22.0,0.42,15.0,44.0,299.0,30.0,0.27,0.039,1.0,0.155,0.6,0.0,0.0,0.0,0.0,0.0,0.08,0.0,0.0,0.0,0.0,0.0,0.0,1.0,0.0,0.2,0.0,0.0,0.0,0.0,0.0,48.2,0.05,0.06,0.507,0.667,0.184,57.0,0.0,44.3,0.0,0.0,15.5,0.0,57.0,57.0,0.0,0.02,0.076,0.071,0.106,0.217,0.02,0.02,0.065,0.051,0.125,0.086,0.056,0.116,0.177,0.257,0.071,0.071,0.086,0.0,0.0,0.0,0.0,0.0,0.13,0.0,0.0,0.0,0.018,0.0,0.0,0.093,0.009,0.003,0.027,0.016,0.015,0.0,0.0,0.002,0.002,0.003,0.0,0.0,0.0,0.0,0.0,18.0,0.0,0.0,0.0,0.034,0.031,0.002,0.001,0.002,0.0,0.0,0.0,0.0,0.0,0.003,0.002,0.0,0.003,0.027,0.013,0.0,0.0,0.0,0.0,0.0,0.0,0.0,0.0,0.015,0.0,0.0,0.0,0.0,0.0
22,Cherries,171719,0.881849768073511,1.06,0.2,16.01,0.48,63.0,0.0,0.15,6.59,5.37,0.0,0.12,0.0,82.25,0.0,0.0,12.82,0.59,2.1,13.0,0.36,11.0,21.0,222.0,0.0,0.07,0.06,2.0,0.07,0.0,64.0,0.0,3.0,38.0,0.0,0.07,0.0,0.0,0.0,0.0,0.0,0.0,85.0,0.01,0.04,0.0,0.03,0.0,0.0,0.0,7.0,0.027,0.033,0.154,0.199,0.049,4.0,0.0,6.1,0.0,0.0,2.1,0.0,4.0,4.0,0.0,0.009,0.022,0.02,0.03,0.032,0.01,0.01,0.024,0.014,0.024,0.018,0.015,0.026,0.569,0.083,0.023,0.039,0.03,0.0,0.0,0.0,0.0,0.0,0.038,0.0,0.0,0.0,0.0,0.0,0.001,0.027,0.009,0.0,0.047,0.027,0.026,0.0,0.0,0.0,0.0,0.001,0.0,0.0,0.0,0.0,0.0,12.0,0.0,0.0,0.0,0.047,0.052,0.0,0.0,0.0,0.0,0.0,0.0,0.0,0.0,0.0,0.0,0.0,0.0,0.0,0.0,0.0,0.0,0.0,0.0,0.0,0.0,0.0,0.0,0.0,0.0,0.0,0.0,0.0,0.0
23,Chia seeds,170554,1.9830596659553077,16.54,30.74,42.12,4.8,486.0,0.0,0.0,0.0,0.0,0.0,0.0,0.0,5.8,0.0,0.0,0.0,0.0,34.4,631.0,7.72,335.0,860.0,407.0,16.0,4.58,0.924,0.0,2.723,55.2,54.0,0.0,0.0,0.0,0.0,0.5,0.0,0.0,0.0,0.0,0.0,0.0,0.0,0.0,0.0,0.0,0.0,0.0,0.0,0.0,1.6,0.62,0.17,8.83,0.0,0.0,49.0,0.0,0.0,0.0,0.0,0.0,0.0,49.0,0.0,0.0,0.436,0.709,0.801,1.371,0.97,0.588,0.407,1.016,0.563,0.95,2.143,0.531,1.044,1.689,3.5,0.943,0.776,1.049,0.0,0.0,0.0,0.0,0.14,3.33,0.0,0.0,0.0,0.0,0.0,0.03,2.17,0.912,0.093,2.203,5.835,17.83,0.0,0.0,0.032,0.03,0.029,0.0,0.046,0.0,0.0,0.0,0.0,0.0,0.0,0.0,2.309,23.665,0.03,0.063,0.0,0.0,0.0,0.0,0.0,0.0,0.0,0.0,0.0,0.0,0.0,5.835,0.0,0.0,0.0,0.0,0.0,0.0,0.0,0.0,17.83,0.0,0.0,0.0,0.0,0.0
24,Chicken breast,171077,0.4171149402987707,22.5,2.62,0.0,1.13,120.0,0.0,0.0,0.0,0.0,0.0,0.0,0.0,73.9,0.0,0.0,0.0,0.0,0.0,5.0,0.37,28.0,213.0,334.0,45.0,0.68,0.037,0.0,0.011,22.8,30.0,9.0,9.0,0.0,0.0,0.56,1.0,0.0,0.0,0.0,0.0,0.0,0.0,0.0,0.09,0.0,0.0,0.0,0.0,0.0,0.0,0.094,0.177,9.6,1.495,0.811,9.0,0.21,82.1,8.4,0.0,0.0,0.0,9.0,9.0,7.0,0.283,1.009,1.104,1.861,2.163,0.585,0.236,0.908,0.81,1.165,1.521,0.839,1.313,2.116,3.333,0.996,0.715,0.858,0.0,0.0,0.0,73.0,0.007,0.563,0.0,0.0,0.0,0.017,0.004,0.011,0.393,0.129,0.001,0.59,0.319,0.013,0.048,0.004,0.003,0.003,0.083,0.0,0.01,0.003,0.0,0.006,0.0,0.0,0.0,0.0,0.689,0.424,0.003,0.003,0.0,0.0,0.006,0.0,0.001,0.0,0.001,0.0,0.006,0.083,0.583,0.317,0.0,0.0,0.002,0.012,0.006,0.001,0.0,0.0,0.013,0.0,0.012,0.0,0.0,0.013
25,Chicken thigh,172385,0.4387740309438933,16.52,16.61,0.25,0.81,221.0,0.0,0.0,0.0,0.0,0.0,0.0,0.0,66.47,0.0,0.0,0.0,0.0,0.0,7.0,0.68,18.0,157.0,204.0,81.0,1.29,0.054,0.0,0.013,18.9,78.0,23.0,23.0,0.0,0.0,0.21,3.0,0.0,0.1,0.1,0.0,0.0,108.0,0.0,0.09,0.0,0.02,0.02,0.03,0.0,0.0,0.073,0.145,4.625,0.19,0.347,3.0,0.62,45.7,0.0,0.0,2.1,0.0,3.0,3.0,9.8,0.167,0.735,0.731,1.318,1.448,0.438,0.183,0.632,0.579,0.764,1.157,0.465,1.015,1.554,2.571,1.005,0.773,0.675,0.0,0.0,0.0,98.0,0.085,4.524,0.001,0.0,0.001,0.003,0.008,0.092,3.511,0.85,0.011,5.832,3.096,0.162,0.104,0.007,0.014,0.033,0.98,0.003,0.078,0.004,0.002,0.01,0.0,0.0,0.0,0.0,6.94,3.467,0.011,0.019,0.002,0.007,0.053,0.0,0.025,0.0,0.021,0.001,0.021,0.973,5.779,3.05,0.002,0.018,0.014,0.035,0.06,0.025,0.0,0.0,0.144,0.001,0.034,0.0,0.0,0.024
26,Chickpeas,173756,0.3195603097056385,20.47,6.04,62.95,2.85,378.0,0.0,0.0,0.0,0.0,0.0,0.0,0.0,7.68,0.0,0.0,10.7,0.0,12.2,57.0,4.31,79.0,252.0,718.0,24.0,2.76,0.656,0.0,4.15,0.0,67.0,0.0,3.0,40.0,0.0,0.82,0.0,0.0,0.0,0.0,0.0,0.0,0.0,0.0,0.0,0.0,0.0,0.0,0.0,0.0,4.0,0.477,0.212,1.541,1.588,0.535,557.0,0.0,99.3,0.0,0.0,9.0,0.0,557.0,557.0,0.0,0.2,0.766,0.882,1.465,1.377,0.27,0.279,1.103,0.512,0.865,1.939,0.566,0.882,2.422,3.603,0.857,0.849,1.036,0.0,0.0,0.0,0.0,0.0,0.603,0.0,0.0,0.0,0.0,0.0,0.009,0.508,0.086,0.0,1.365,2.629,0.102,0.0,0.0,0.0,0.0,0.012,0.0,0.0,0.0,0.0,0.0,0.0,0.0,0.0,0.0,1.377,2.731,0.0,0.0,0.0,0.0,0.0,0.0,0.0,0.0,0.0,0.0,0.0,0.0,0.0,0.0,0.0,0.0,0.0,0.0,0.0,0.0,0.0,0.0,0.0,0.0,0.0,0.0,0.0,0.0
27,Cod,171955,1.2125434311010777,17.81,0.67,0.0,1.16,82.0,0.0,0.0,0.0,0.0,0.0,0.0,0.0,81.22,0.0,0.0,0.0,0.0,0.0,16.0,0.38,32.0,203.0,413.0,54.0,0.45,0.028,0.0,0.015,33.1,40.0,12.0,12.0,0.0,0.0,0.64,36.0,0.0,0.9,0.9,0.0,0.0,0.0,0.0,0.0,0.0,0.0,0.0,0.0,0.0,1.0,0.076,0.065,2.063,0.153,0.245,7.0,0.91,65.2,0.0,0.0,0.1,0.0,7.0,7.0,0.0,0.199,0.781,0.821,1.447,1.635,0.527,0.191,0.695,0.601,0.917,1.066,0.524,1.077,1.823,2.658,0.855,0.63,0.726,0.0,0.0,0.0,43.0,0.0,0.131,0.0,0.0,0.0,0.0,0.0,0.009,0.091,0.03,0.0,0.061,0.005,0.001,0.022,0.12,0.0,0.0,0.016,0.001,0.015,0.064,0.003,0.01,0.0,0.0,0.0,0.0,0.094,0.231,0.0,0.0,0.0,0.0,0.0,0.0,0.0,0.0,0.0,0.0,0.0,0.0,0.0,0.0,0.0,0.0,0.0,0.0,0.0,0.0,0.0,0.0,0.0,0.0,0.0,0.0,0.0,0.0
28,Corn,169998,0.3204054157333757,3.27,1.35,18.7,0.62,86.0,5.7,0.89,3.43,1.94,0.0,0.0,0.0,76.05,0.0,0.0,6.26,0.0,2.0,2.0,0.52,37.0,89.0,270.0,15.0,0.46,0.054,0.0,0.163,0.6,187.0,0.0,9.0,47.0,16.0,0.07,0.0,0.0,0.0,0.0,115.0,0.0,644.0,0.0,0.15,0.0,0.0,0.0,0.0,0.0,6.8,0.155,0.055,1.77,0.717,0.093,42.0,0.0,23.0,0.0,0.0,0.3,0.0,42.0,42.0,0.0,0.023,0.129,0.129,0.348,0.137,0.067,0.026,0.15,0.123,0.185,0.131,0.089,0.295,0.244,0.636,0.127,0.292,0.153,0.0,0.0,0.0,0.0,0.0,0.325,0.0,0.0,0.0,0.003,0.001,0.001,0.262,0.045,0.007,0.419,0.472,0.014,0.001,0.0,0.0,0.002,0.004,0.0,0.006,0.0,0.0,0.0,0.0,0.0,0.0,0.0,0.432,0.487,0.001,0.001,0.003,0.0,0.0,0.0,0.0,0.0,0.0,0.0,0.0,0.004,0.416,0.468,0.0,0.0,0.0,0.0,0.0,0.0,0.0,0.0,0.014,0.0,0.0,0.0,0.0,0.0
29,Corn flour,169748,0.10136863084005009,6.93,3.86,76.85,1.45,361.0,0.0,0.0,0.0,0.0,0.0,0.0,0.0,10.91,0.0,0.0,0.64,0.0,7.3,7.0,2.38,93.0,272.0,315.0,5.0,1.73,0.23,0.0,0.46,15.4,3.0,0.0,0.0,1.0,0.0,0.42,0.0,0.0,0.0,0.0,1.0,0.0,5.0,0.0,0.0,0.0,0.0,0.0,0.0,0.0,0.0,0.246,0.08,1.9,0.658,0.37,25.0,0.0,21.6,0.0,0.0,0.3,0.0,25.0,25.0,0.0,0.049,0.261,0.248,0.85,0.195,0.145,0.125,0.34,0.282,0.351,0.345,0.211,0.518,0.482,1.3,0.284,0.605,0.329,0.0,0.0,0.0,0.0,0.0,0.543,0.0,0.0,0.0,0.0,0.0,0.0,0.463,0.061,0.0,1.015,1.706,0.053,0.0,0.0,0.0,0.0,0.003,0.0,0.0,0.0,0.0,0.0,0.0,0.0,0.0,0.0,1.018,1.759,0.0,0.0,0.0,0.0,0.0,0.0,0.0,0.0,0.0,0.0,0.0,0.0,0.0,0.0,0.0,0.0,0.0,0.0,0.0,0.0,0.0,0.0,0.0,0.0,0.0,0.0,0.0,0.0
30,Cucumber,168409,0.22046244201837775,0.65,0.11,3.63,0.38,15.0,0.83,0.03,0.76,0.87,0.0,0.01,0.0,95.23,0.0,0.0,1.67,0.0,0.5,16.0,0.28,13.0,24.0,147.0,2.0,0.2,0.041,1.3,0.079,0.3,105.0,0.0,5.0,45.0,11.0,0.03,0.0,0.0,0.0,0.0,26.0,0.0,23.0,0.01,0.03,0.0,0.04,0.0,0.0,0.0,2.8,0.027,0.033,0.098,0.259,0.04,7.0,0.0,6.0,0.0,0.0,16.4,0.0,7.0,7.0,0.1,0.005,0.019,0.021,0.029,0.029,0.006,0.004,0.019,0.011,0.022,0.044,0.01,0.024,0.041,0.196,0.024,0.015,0.02,0.0,0.0,0.0,0.0,0.0,0.037,0.0,0.0,0.0,0.0,0.0,0.005,0.028,0.005,0.0,0.005,0.028,0.005,0.0,0.0,0.0,0.0,0.0,0.0,0.0,0.0,0.0,0.0,14.0,0.0,0.0,0.0,0.005,0.032,0.0,0.0,0.0,0.0,0.0,0.0,0.0,0.0,0.0,0.0,0.0,0.0,0.0,0.0,0.0,0.0,0.0,0.0,0.0,0.0,0.0,0.0,0.0,0.0,0.0,0.0,0.0,0.0
31,Egg whites,172183,0.5511561050459444,10.9,0.17,0.73,0.63,52.0,0.0,0.07,0.34,0.07,0.07,0.07,0.0,87.57,0.0,0.0,0.71,0.07,0.0,7.0,0.08,11.0,15.0,163.0,166.0,0.03,0.023,0.0,0.011,20.0,0.0,0.0,0.0,0.0,0.0,0.0,0.0,0.0,0.0,0.0,0.0,0.0,0.0,0.0,0.0,0.0,0.0,0.0,0.0,0.0,0.0,0.004,0.439,0.105,0.19,0.005,4.0,0.09,1.1,0.0,0.0,0.0,0.0,4.0,4.0,0.3,0.125,0.449,0.661,1.016,0.806,0.399,0.287,0.686,0.457,0.809,0.648,0.29,0.704,1.22,1.55,0.413,0.435,0.798,0.0,0.0,0.0,0.0,0.0,0.0,0.0,0.0,0.0,0.0,0.0,0.0,0.0,0.0,0.0,0.0,0.0,0.0,0.0,0.0,0.0,0.0,0.0,0.0,0.0,0.0,0.0,0.0,0.0,0.0,0.0,0.0,0.0,0.0,0.0,0.0,0.0,0.0,0.0,0.0,0.0,0.0,0.0,0.0,0.0,0.0,0.0,0.0,0.0,0.0,0.0,0.0,0.0,0.0,0.0,0.0,0.0,0.0,0.0,0.0,0.0,0.0
32,Eggplant,169228,0.33069366302756664,0.98,0.18,5.88,0.66,25.0,0.0,0.26,1.58,1.54,0.0,0.0,0.0,92.3,0.0,0.0,3.53,0.0,3.0,9.0,0.23,14.0,24.0,229.0,2.0,0.16,0.081,0.0,0.232,0.3,23.0,0.0,1.0,14.0,0.0,0.3,0.0,0.0,0.0,0.0,0.0,0.0,36.0,0.0,0.0,0.0,0.0,0.0,0.0,0.0,2.2,0.039,0.037,0.649,0.281,0.084,22.0,0.0,6.9,0.0,0.0,3.5,0.0,22.0,22.0,0.0,0.009,0.037,0.045,0.064,0.047,0.011,0.006,0.043,0.027,0.053,0.057,0.023,0.051,0.164,0.186,0.041,0.043,0.042,0.0,0.0,0.0,0.0,0.0,0.034,0.0,0.0,0.0,0.0,0.0,0.0,0.025,0.009,0.0,0.014,0.063,0.013,0.0,0.0,0.0,0.0,0.002,0.0,0.0,0.0,0.0,0.0,7.0,0.0,0.0,0.0,0.016,0.076,0.0,0.0,0.0,0.0,0.0,0.0,0.0,0.0,0.0,0.0,0.0,0.0,0.0,0.0,0.0,0.0,0.0,0.0,0.0,0.0,0.0,0.0,0.0,0.0,0.0,0.0,0.0,0.0
33,Eggs,171287,0.33069366302756664,12.56,9.51,0.72,1.06,143.0,0.0,0.0,0.37,0.0,0.0,0.0,0.0,76.15,0.0,0.0,0.37,0.0,0.0,56.0,1.75,12.0,198.0,138.0,142.0,1.29,0.072,1.1,0.028,30.7,540.0,160.0,160.0,0.0,0.0,1.05,82.0,0.0,2.0,2.0,9.0,0.0,503.0,0.01,0.5,0.06,0.06,0.0,0.01,0.0,0.0,0.04,0.457,0.075,1.533,0.17,47.0,0.89,293.8,0.0,0.1,0.3,0.0,47.0,47.0,0.3,0.167,0.556,0.671,1.086,0.912,0.38,0.272,0.68,0.499,0.858,0.82,0.309,0.735,1.329,1.673,0.432,0.512,0.971,0.0,0.0,0.0,372.0,0.038,3.126,0.004,0.0,0.004,0.006,0.0,0.033,2.231,0.811,0.003,3.411,1.555,0.048,0.188,0.058,0.004,0.007,0.201,0.0,0.027,0.0,0.0,0.007,0.0,0.0,0.0,0.0,3.658,1.911,0.008,0.022,0.0,0.003,0.023,0.0,0.012,0.0,0.012,0.0,0.018,0.198,3.388,1.531,0.0,0.012,0.012,0.023,0.026,0.012,0.0,0.0,0.036,0.001,0.022,0.0,0.0,0.013
34,Enriched wheat flour,168894,0.10577787968041763,10.33,0.98,76.31,0.47,364.0,0.0,0.0,0.0,0.0,0.0,0.0,0.0,11.92,0.0,0.0,0.27,0.0,2.7,15.0,4.64,22.0,108.0,107.0,2.0,0.7,0.144,0.0,0.682,33.9,0.0,0.0,0.0,0.0,0.0,0.06,0.0,0.0,0.0,0.0,0.0,0.0,18.0,0.07,0.38,0.02,0.02,0.09,0.0,0.0,0.0,0.785,0.494,5.904,0.438,0.044,183.0,0.0,10.4,0.0,0.0,0.3,154.0,29.0,291.0,70.3,0.127,0.281,0.357,0.71,0.228,0.183,0.219,0.52,0.312,0.415,0.417,0.23,0.332,0.435,3.479,0.371,1.198,0.516,0.0,0.0,0.0,0.0,0.0,0.155,0.0,0.0,0.0,0.0,0.0,0.0,0.148,0.007,0.0,0.087,0.391,0.022,0.0,0.0,0.0,0.0,0.0,0.0,0.0,0.0,0.0,0.0,0.0,0.0,0.0,0.0,0.087,0.413,0.0,0.0,0.0,0.0,0.0,0.0,0.0,0.0,0.0,0.0,0.0,0.0,0.0,0.0,0.0,0.0,0.0,0.0,0.0,0.0,0.0,0.0,0.0,0.0,0.0,0.0,0.0,0.0
35,Garlic,169230,1.1023122100918887,6.36,0.5,33.06,1.5,149.0,0.0,0.0,0.0,0.0,0.0,0.0,0.0,58.58,0.0,0.0,1.0,0.0,2.1,181.0,1.7,25.0,153.0,401.0,17.0,1.16,0.299,0.0,1.672,14.2,9.0,0.0,0.0,5.0,0.0,0.08,0.0,0.0,0.0,0.0,0.0,0.0,16.0,0.0,0.0,0.0,0.0,0.0,0.0,0.0,31.2,0.2,0.11,0.7,0.596,1.235,3.0,0.0,23.2,0.0,0.0,1.7,0.0,3.0,3.0,0.0,0.066,0.157,0.217,0.308,0.273,0.076,0.065,0.183,0.081,0.291,0.634,0.113,0.132,0.489,0.805,0.2,0.1,0.19,0.0,0.0,0.0,0.0,0.0,0.089,0.0,0.0,0.0,0.002,0.0,0.0,0.087,0.0,0.0,0.011,0.229,0.02,0.0,0.0,0.0,0.0,0.0,0.0,0.0,0.0,0.0,0.0,0.0,0.0,0.0,0.0,0.011,0.249,0.0,0.0,0.0,0.0,0.0,0.0,0.0,0.0,0.0,0.0,0.0,0.0,0.0,0.0,0.0,0.0,0.0,0.0,0.0,0.0,0.0,0.0,0.0,0.0,0.0,0.0,0.0,0.0
36,Grapefruit,173034,0.2636730806539798,0.63,0.1,8.19,0.32,32.0,0.0,0.0,0.0,0.0,0.0,0.0,0.0,90.76,0.0,0.0,0.0,0.0,0.0,15.0,0.05,9.0,7.0,150.0,0.0,0.07,0.056,0.0,0.011,0.0,10.0,0.0,0.0,0.0,0.0,0.0,0.0,0.0,0.0,0.0,0.0,0.0,0.0,0.0,0.0,0.0,0.0,0.0,0.0,0.0,37.0,0.04,0.02,0.2,0.283,0.043,9.0,0.0,0.0,0.0,0.0,0.0,0.0,9.0,9.0,0.0,0.006,0.011,0.007,0.012,0.016,0.006,0.006,0.038,0.006,0.012,0.07,0.006,0.02,0.111,0.16,0.012,0.051,0.022,0.0,0.0,0.0,0.0,0.0,0.014,0.0,0.0,0.0,0.0,0.0,0.0,0.012,0.001,0.0,0.012,0.019,0.005,0.0,0.0,0.0,0.0,0.001,0.0,0.0,0.0,0.0,0.0,0.0,0.0,0.0,0.0,0.013,0.024,0.0,0.0,0.0,0.0,0.0,0.0,0.0,0.0,0.0,0.0,0.0,0.0,0.0,0.0,0.0,0.0,0.0,0.0,0.0,0.0,0.0,0.0,0.0,0.0,0.0,0.0,0.0,0.0
37,Green Bell Pepper,170427,0.4409248840367555,0.86,0.17,4.64,0.43,20.0,0.0,0.11,1.16,1.12,0.0,0.0,0.0,93.89,0.0,0.0,2.4,0.0,1.7,10.0,0.34,10.0,20.0,175.0,3.0,0.13,0.066,2.0,0.122,0.0,370.0,0.0,18.0,208.0,21.0,0.37,0.0,0.0,0.0,0.0,7.0,0.0,341.0,0.0,0.0,0.0,0.0,0.0,0.0,0.0,80.4,0.057,0.028,0.48,0.099,0.224,10.0,0.0,5.5,0.0,0.0,7.4,0.0,10.0,10.0,0.1,0.012,0.036,0.024,0.036,0.039,0.007,0.012,0.092,0.012,0.036,0.027,0.01,0.036,0.208,0.194,0.03,0.024,0.054,0.0,0.0,0.0,0.0,0.0,0.058,0.0,0.0,0.0,0.0,0.0,0.0,0.05,0.008,0.0,0.008,0.054,0.008,0.0,0.0,0.0,0.0,0.0,0.0,0.0,0.0,0.0,0.0,9.0,0.0,0.0,0.0,0.008,0.062,0.0,0.0,0.0,0.0,0.0,0.0,0.0,0.0,0.0,0.0,0.0,0.0,0.0,0.0,0.0,0.0,0.0,0.0,0.0,0.0,0.0,0.0,0.0,0.0,0.0,0.0,0.0,0.0
38,Ground Pork,167902,0.881849768073511,16.88,21.19,0.0,0.87,263.0,0.0,0.0,0.0,0.0,0.0,0.0,0.0,61.06,0.0,0.0,0.0,0.0,0.0,14.0,0.88,19.0,175.0,287.0,56.0,2.2,0.045,0.0,0.01,24.6,7.0,2.0,2.0,0.0,0.0,0.0,0.0,0.0,0.0,0.0,0.0,0.0,0.0,0.0,0.0,0.0,0.0,0.0,0.0,0.0,0.7,0.732,0.235,4.338,0.668,0.383,5.0,0.7,0.0,0.0,0.0,0.0,0.0,5.0,5.0,0.0,0.214,0.771,0.79,1.354,1.518,0.447,0.215,0.674,0.588,0.916,1.049,0.674,0.983,1.566,2.642,0.802,0.678,0.697,0.0,0.0,0.0,72.0,0.0,7.87,0.0,0.0,0.0,0.01,0.02,0.33,4.77,2.55,0.0,8.5,1.67,0.07,0.08,0.0,0.0,0.0,0.65,0.0,0.16,0.0,0.0,0.0,0.0,0.0,0.0,0.0,9.44,1.91,0.0,0.0,0.0,0.0,0.0,0.0,0.0,0.0,0.0,0.0,0.0,0.0,0.0,0.0,0.0,0.0,0.0,0.0,0.0,0.0,0.0,0.0,0.0,0.0,0.0,0.0,0.0,0.0
39,Hazelnuts,170581,1.4991446057249689,14.95,60.75,16.7,2.29,628.0,0.48,4.2,0.07,0.07,0.0,0.0,0.0,5.31,0.0,0.0,4.34,0.0,9.7,114.0,4.7,163.0,290.0,680.0,0.0,2.45,1.725,0.0,6.175,2.4,20.0,0.0,1.0,11.0,3.0,15.03,0.0,0.0,0.0,0.0,0.0,0.0,92.0,0.33,0.0,0.0,0.0,0.0,0.0,0.0,6.3,0.643,0.113,1.8,0.918,0.563,113.0,0.0,45.6,0.0,0.0,14.2,0.0,113.0,113.0,0.4,0.193,0.497,0.545,1.063,0.42,0.221,0.277,0.663,0.362,0.701,2.211,0.432,0.73,1.679,3.71,0.724,0.561,0.735,0.0,0.0,0.0,0.0,0.0,4.464,0.0,0.0,0.0,0.0,0.0,0.0,3.097,1.265,0.102,45.405,7.833,0.087,0.0,0.0,0.0,0.0,0.116,0.0,0.131,0.0,0.0,0.0,0.0,1.0,7.0,102.0,45.652,7.92,0.0,0.0,0.0,0.0,0.0,0.0,0.0,0.0,0.0,0.0,0.0,0.0,0.0,0.0,0.0,0.0,0.0,0.0,0.0,0.0,0.0,0.0,0.0,0.0,0.0,0.0,0.0,0.0
40,Honeydew Melon,169911,0.3968323956330799,0.54,0.14,9.09,0.41,36.0,0.0,2.48,2.68,2.96,0.0,0.0,0.0,89.82,0.0,0.0,8.12,0.0,0.8,6.0,0.17,10.0,11.0,228.0,18.0,0.09,0.024,0.0,0.027,0.7,50.0,0.0,3.0,30.0,0.0,0.02,0.0,0.0,0.0,0.0,0.0,0.0,27.0,0.0,0.03,0.0,0.0,0.0,0.0,0.0,18.0,0.038,0.012,0.418,0.155,0.088,19.0,0.0,7.6,0.0,0.0,2.9,0.0,19.0,19.0,0.0,0.005,0.013,0.013,0.016,0.018,0.005,0.005,0.015,0.01,0.018,0.014,0.005,0.044,0.088,0.153,0.016,0.012,0.023,0.0,0.0,0.0,0.0,0.0,0.038,0.0,0.0,0.0,0.0,0.002,0.002,0.032,0.003,0.0,0.003,0.026,0.033,0.0,0.0,0.0,0.0,0.0,0.0,0.0,0.0,0.0,0.0,0.0,0.0,0.0,0.0,0.003,0.059,0.0,0.0,0.0,0.0,0.0,0.0,0.0,0.0,0.0,0.0,0.0,0.0,0.0,0.0,0.0,0.0,0.0,0.0,0.0,0.0,0.0,0.0,0.0,0.0,0.0,0.0,0.0,0.0
41,Kale,168421,0.7672092982239546,2.92,1.49,4.42,1.54,35.0,0.0,0.18,0.4,0.41,0.0,0.0,0.0,89.63,0.0,0.0,0.99,0.0,4.1,254.0,1.6,33.0,55.0,348.0,53.0,0.39,0.053,0.0,0.92,0.9,4812.0,0.0,241.0,2873.0,0.0,0.66,0.0,0.0,0.0,0.0,27.0,0.0,6261.0,0.0,0.14,0.0,0.0,0.0,0.0,0.0,93.4,0.113,0.347,1.18,0.37,0.147,62.0,0.0,0.5,0.0,0.0,389.6,0.0,62.0,62.0,0.3,0.035,0.131,0.175,0.205,0.175,0.029,0.038,0.15,0.103,0.159,0.163,0.172,0.147,0.262,0.331,0.141,0.174,0.123,0.0,0.0,0.0,0.0,0.0,0.178,0.0,0.0,0.0,0.0,0.006,0.006,0.158,0.006,0.0,0.104,0.291,0.378,0.003,0.0,0.0,0.0,0.0,0.0,0.0,0.0,0.0,0.0,0.0,0.0,0.0,0.0,0.104,0.673,0.0,0.0,0.0,0.0,0.0,0.0,0.0,0.0,0.0,0.0,0.0,0.0,0.0,0.0,0.0,0.0,0.0,0.0,0.0,0.0,0.0,0.0,0.0,0.0,0.0,0.0,0.0,0.0
42,Kidney Beans,173744,0.3195603097056385,22.53,1.06,61.29,3.37,337.0,0.0,0.0,0.0,0.0,0.0,0.0,0.0,11.75,0.0,0.0,2.1,0.0,15.2,83.0,6.69,138.0,406.0,1359.0,12.0,2.79,0.699,2.2,1.111,3.2,0.0,0.0,0.0,0.0,0.0,0.21,0.0,0.0,0.0,0.0,0.0,0.0,0.0,0.0,0.0,0.0,0.0,0.0,0.0,0.0,4.5,0.608,0.215,2.11,0.78,0.397,394.0,0.0,65.9,0.0,0.0,5.6,0.0,394.0,394.0,0.0,0.267,0.948,0.995,1.799,1.547,0.339,0.245,1.218,0.634,1.179,1.395,0.627,0.945,2.725,3.436,0.88,0.955,1.226,0.0,0.0,0.0,0.0,0.0,0.154,0.0,0.0,0.0,0.0,0.0,0.0,0.136,0.018,0.0,0.082,0.228,0.358,0.0,0.0,0.0,0.0,0.0,0.0,0.0,0.0,0.0,0.0,0.0,0.0,0.0,0.0,0.082,0.586,0.0,0.0,0.0,0.0,0.0,0.0,0.0,0.0,0.0,0.0,0.0,0.0,0.0,0.0,0.0,0.0,0.0,0.0,0.0,0.0,0.0,0.0,0.0,0.0,0.0,0.0,0.0,0.0
43,Lentils,174284,0.2975140655038008,23.91,2.17,63.1,3.0,358.0,47.62,0.0,0.0,0.0,0.0,0.0,0.0,7.82,0.0,0.0,0.0,0.0,10.8,48.0,7.39,59.0,294.0,668.0,7.0,3.6,1.303,0.0,1.716,0.0,58.0,0.0,3.0,35.0,0.0,0.0,0.0,0.0,0.0,0.0,0.0,0.0,0.0,0.0,0.0,0.0,0.0,0.0,0.0,0.0,1.7,0.51,0.106,1.495,0.348,0.403,204.0,0.0,0.0,0.0,0.0,0.0,0.0,204.0,204.0,0.0,0.223,0.895,1.078,1.809,1.74,0.212,0.327,1.23,0.667,1.238,1.928,0.702,1.042,2.758,3.868,1.014,1.042,1.15,0.0,0.0,0.0,0.0,0.0,0.379,0.0,0.0,0.0,0.001,0.002,0.003,0.284,0.042,0.014,0.49,0.886,0.25,0.0,0.0,0.014,0.0,0.0,0.0,0.011,0.0,0.0,0.0,57.0,4.0,6.0,47.0,0.5,1.137,0.003,0.004,0.012,0.0,0.0,0.0,0.0,0.0,0.0,0.0,0.0,0.0,0.0,0.0,0.0,0.0,0.0,0.0,0.0,0.0,0.0,0.0,0.0,0.0,0.0,0.0,0.0,0.0
44,Lettuce,169247,0.22046244201837775,1.23,0.3,3.29,0.58,17.0,0.0,0.0,0.39,0.8,0.0,0.0,0.0,94.61,0.0,0.0,1.19,0.0,2.1,33.0,0.97,14.0,30.0,247.0,8.0,0.23,0.048,0.0,0.155,0.4,8710.0,0.0,436.0,5226.0,0.0,0.13,0.0,0.0,0.0,0.0,0.0,0.0,2312.0,0.0,0.36,0.01,0.04,0.0,0.0,0.0,4.0,0.072,0.067,0.313,0.142,0.074,136.0,0.0,9.9,0.0,0.0,102.5,0.0,136.0,136.0,0.1,0.01,0.043,0.045,0.076,0.064,0.015,0.006,0.065,0.025,0.055,0.054,0.021,0.056,0.139,0.178,0.049,0.045,0.05,0.0,0.0,0.0,0.0,0.0,0.039,0.0,0.0,0.0,0.0,0.0,0.0,0.035,0.005,0.0,0.009,0.047,0.113,0.0,0.0,0.0,0.0,0.003,0.0,0.0,0.0,0.0,0.0,0.0,0.0,0.0,0.0,0.012,0.16,0.0,0.0,0.0,0.0,0.0,0.0,0.0,0.0,0.0,0.0,0.0,0.0,0.0,0.0,0.0,0.0,0.0,0.0,0.0,0.0,0.0,0.0,0.0,0.0,0.0,0.0,0.0,0.0
45,Macadamia nuts,170178,3.306936630275666,7.91,75.77,13.82,1.14,718.0,1.05,4.43,0.07,0.07,0.0,0.0,0.0,1.36,0.0,0.0,4.57,0.0,8.6,85.0,3.69,130.0,188.0,368.0,5.0,1.3,0.756,0.0,4.131,3.6,0.0,0.0,0.0,0.0,0.0,0.54,0.0,0.0,0.0,0.0,0.0,0.0,0.0,0.0,0.0,0.0,0.0,0.0,0.0,0.0,1.2,1.195,0.162,2.473,0.758,0.275,11.0,0.0,0.0,0.0,0.0,0.0,0.0,11.0,11.0,0.0,0.067,0.37,0.314,0.602,0.018,0.023,0.006,0.665,0.511,0.363,1.402,0.195,0.388,1.099,2.267,0.454,0.468,0.419,0.0,0.0,0.0,0.0,0.0,12.061,0.0,0.0,0.0,0.0,0.076,0.659,6.036,2.329,1.94,43.755,1.296,0.206,0.0,0.0,0.616,0.0,12.981,0.0,1.89,0.0,0.233,0.0,116.0,0.0,8.0,108.0,58.877,1.502,0.0,0.124,0.281,0.0,0.0,0.0,0.0,0.0,0.0,0.018,0.0,0.0,0.0,0.0,0.0,0.0,0.0,0.0,0.0,0.0,0.0,0.0,0.0,0.0,0.0,0.0,0.0,0.0
46,Mango,169910,0.645220080307119,0.82,0.38,14.98,0.36,60.0,0.0,6.97,2.01,4.68,0.0,0.0,0.0,83.46,0.0,0.0,13.66,0.0,1.6,11.0,0.16,10.0,14.0,168.0,1.0,0.09,0.111,0.0,0.063,0.6,1082.0,0.0,54.0,640.0,9.0,0.9,0.0,0.0,0.0,0.0,10.0,3.0,23.0,0.01,0.01,0.0,0.03,0.01,0.0,0.0,36.4,0.028,0.038,0.669,0.197,0.119,43.0,0.0,7.6,0.0,0.0,4.2,0.0,43.0,43.0,0.0,0.013,0.031,0.029,0.05,0.066,0.008,0.0,0.027,0.016,0.042,0.031,0.019,0.082,0.068,0.096,0.034,0.029,0.035,0.0,0.0,0.0,0.0,0.0,0.092,0.0,0.0,0.0,0.0,0.001,0.013,0.072,0.004,0.0,0.075,0.019,0.051,0.0,0.0,0.0,0.0,0.067,0.0,0.0,0.0,0.0,0.0,0.0,0.0,0.0,0.0,0.14,0.071,0.0,0.0,0.0,0.0,0.0,0.0,0.0,0.0,0.0,0.0,0.0,0.0,0.0,0.0,0.0,0.0,0.0,0.0,0.0,0.0,0.0,0.0,0.0,0.0,0.0,0.0,0.0,0.0
47,Mushrooms,169251,0.7275260586606466,3.09,0.34,3.26,0.85,22.0,0.0,0.0,1.48,0.17,0.0,0.0,0.0,92.45,0.0,0.0,1.98,0.0,1.0,3.0,0.5,9.0,86.0,318.0,5.0,0.52,0.318,0.0,0.047,9.3,0.0,0.0,0.0,0.0,0.0,0.01,7.0,0.2,0.0,0.2,0.0,0.0,0.0,0.01,0.01,0.01,0.05,0.0,0.0,0.0,2.1,0.081,0.402,3.607,1.497,0.104,17.0,0.04,17.3,0.0,1.0,0.0,0.0,17.0,17.0,9.4,0.035,0.107,0.076,0.12,0.107,0.031,0.012,0.085,0.044,0.232,0.078,0.057,0.199,0.195,0.343,0.092,0.076,0.094,0.0,0.0,0.0,0.0,0.0,0.05,0.0,0.0,0.0,0.0,0.0,0.0,0.04,0.01,0.0,0.0,0.16,0.0,0.0,0.0,0.0,0.0,0.0,0.0,0.0,0.0,0.0,0.0,0.0,0.0,2.0,0.0,0.0,0.16,0.0,0.0,0.0,0.0,0.0,0.0,0.0,0.0,0.0,0.0,0.0,0.0,0.0,0.0,0.0,0.0,0.0,0.0,0.0,0.0,0.0,0.0,0.0,0.0,0.0,0.0,0.0,0.0
48,Mussels,174216,2.2046244201837775,11.9,2.24,3.69,1.59,86.0,0.0,0.0,0.0,0.0,0.0,0.0,0.0,80.58,0.0,0.0,0.0,0.0,0.0,26.0,3.95,34.0,197.0,320.0,286.0,1.6,0.094,0.0,3.4,44.8,160.0,48.0,48.0,0.0,0.0,0.55,0.0,0.0,0.0,0.0,0.0,0.0,0.0,0.0,0.02,0.0,0.0,0.0,0.0,0.0,8.0,0.16,0.21,1.6,0.5,0.05,42.0,12.0,65.0,0.0,0.0,0.1,0.0,42.0,42.0,0.0,0.133,0.512,0.518,0.838,0.889,0.268,0.156,0.426,0.381,0.52,0.868,0.228,0.72,1.148,1.618,0.744,0.486,0.533,0.0,0.0,0.0,28.0,0.0,0.425,0.0,0.0,0.0,0.0,0.0,0.059,0.294,0.068,0.0,0.205,0.018,0.02,0.07,0.253,0.0,0.0,0.138,0.035,0.138,0.188,0.026,0.022,0.0,0.0,0.0,0.0,0.507,0.606,0.0,0.0,0.0,0.0,0.0,0.0,0.0,0.0,0.0,0.0,0.0,0.0,0.0,0.0,0.0,0.0,0.0,0.0,0.0,0.0,0.0,0.0,0.0,0.0,0.0,0.0,0.0,0.0
49,Nonfat Greek Yogurt,170894,0.5039141531848634,10.19,0.39,3.6,0.72,59.0,0.0,0.0,0.0,0.0,2.54,0.0,0.0,85.1,0.0,0.0,3.24,0.7,0.0,110.0,0.07,11.0,135.0,141.0,36.0,0.52,0.017,0.0,0.009,9.7,4.0,1.0,1.0,0.0,0.0,0.01,0.0,0.0,0.0,0.0,0.0,0.0,0.0,0.0,0.0,0.0,0.0,0.0,0.0,0.0,0.0,0.023,0.278,0.208,0.331,0.063,7.0,0.75,15.1,0.0,0.0,0.0,0.0,7.0,7.0,0.8,0.0,0.0,0.0,0.0,0.0,0.0,0.0,0.0,0.0,0.0,0.0,0.0,0.0,0.0,0.0,0.0,0.0,0.0,0.0,0.0,0.0,5.0,0.006,0.117,0.0,0.003,0.004,0.013,0.006,0.015,0.049,0.021,0.0,0.049,0.01,0.001,0.0,0.0,0.0,0.001,0.002,0.0,0.002,0.0,0.0,0.0,0.0,0.0,0.0,0.0,0.053,0.012,0.003,0.003,0.0,0.0,0.006,0.0,0.0,0.0,0.0,0.0,0.0,0.002,0.043,0.01,0.0,0.0,0.0,0.0,0.006,0.0,0.0,0.0,0.001,0.0,0.0,0.0,0.0,0.0
50,Oats,173904,0.16309811460519588,13.15,6.52,67.7,1.77,379.0,57.92,0.99,0.0,0.0,0.0,0.0,0.0,10.84,0.0,0.0,0.99,0.0,10.1,52.0,4.25,138.0,410.0,362.0,6.0,3.64,0.391,0.0,3.63,28.9,0.0,0.0,0.0,0.0,0.0,0.42,0.0,0.0,0.0,0.0,0.0,0.0,180.0,0.03,0.12,0.0,0.0,0.0,0.0,0.0,0.0,0.46,0.155,1.125,1.12,0.1,32.0,0.0,40.4,0.0,0.0,2.0,0.0,32.0,32.0,0.0,0.182,0.382,0.503,0.98,0.637,0.207,0.455,0.665,0.395,0.688,0.85,0.275,0.563,1.217,2.83,0.642,0.451,0.705,0.0,0.0,0.0,0.0,0.0,1.11,0.0,0.0,0.0,0.0,0.02,0.01,0.94,0.06,0.0,1.97,2.2,0.1,0.0,0.0,0.0,0.0,0.01,0.0,0.0,0.0,0.0,0.0,0.0,0.0,0.0,0.0,1.98,2.3,0.0,0.0,0.0,0.0,0.0,0.0,0.0,0.0,0.0,0.0,0.0,0.0,0.0,0.0,0.0,0.0,0.0,0.0,0.0,0.0,0.0,0.0,0.0,0.0,0.0,0.0,0.0,0.0
51,Olive Oil,171413,1.5983527046332386,0.0,100.0,0.0,0.0,884.0,0.0,0.0,0.0,0.0,0.0,0.0,0.0,0.0,0.0,0.0,0.0,0.0,0.0,1.0,0.56,0.0,0.0,1.0,2.0,0.0,0.0,0.0,0.0,0.0,0.0,0.0,0.0,0.0,0.0,14.35,0.0,0.0,0.0,0.0,0.0,0.0,0.0,0.11,0.83,0.0,0.0,0.0,0.0,0.0,0.0,0.0,0.0,0.0,0.0,0.0,0.0,0.0,0.3,0.0,0.0,60.2,0.0,0.0,0.0,0.1,0.0,0.0,0.0,0.0,0.0,0.0,0.0,0.0,0.0,0.0,0.0,0.0,0.0,0.0,0.0,0.0,0.0,0.0,0.0,0.0,0.0,0.0,0.0,13.808,0.0,0.0,0.0,0.0,0.0,0.0,11.29,1.953,0.414,71.269,9.762,0.761,0.0,0.0,0.129,0.0,1.255,0.0,0.311,0.0,0.0,0.0,221.0,0.0,0.0,0.0,72.961,10.523,0.0,0.022,0.0,0.0,0.0,0.0,0.0,0.0,0.0,0.0,0.0,0.0,0.0,0.0,0.0,0.0,0.125,0.0,0.0,0.0,0.0,0.0,0.0,0.0,0.0,0.0,0.0,0.0
52,Onions,170000,0.23442506334620836,1.1,0.1,9.34,0.35,40.0,0.0,0.99,1.97,1.29,0.0,0.0,0.0,89.11,0.0,0.0,4.24,0.0,1.7,23.0,0.21,10.0,29.0,146.0,4.0,0.17,0.039,1.1,0.129,0.5,2.0,0.0,0.0,1.0,0.0,0.02,0.0,0.0,0.0,0.0,0.0,0.0,4.0,0.0,0.0,0.0,0.04,0.0,0.0,0.0,7.4,0.046,0.027,0.116,0.123,0.12,19.0,0.0,6.1,0.0,0.0,0.4,0.0,19.0,19.0,0.1,0.014,0.021,0.014,0.025,0.039,0.002,0.004,0.025,0.014,0.021,0.104,0.014,0.021,0.091,0.258,0.025,0.012,0.021,0.0,0.0,0.0,0.0,0.0,0.042,0.0,0.0,0.0,0.0,0.0,0.004,0.034,0.004,0.0,0.013,0.013,0.004,0.0,0.0,0.0,0.0,0.0,0.0,0.0,0.0,0.0,0.0,15.0,0.0,0.0,0.0,0.013,0.017,0.0,0.0,0.0,0.0,0.0,0.0,0.0,0.0,0.0,0.0,0.0,0.0,0.0,0.0,0.0,0.0,0.0,0.0,0.0,0.0,0.0,0.0,0.0,0.0,0.0,0.0,0.0,0.0
53,Oranges,169918,0.31526129208628023,0.7,0.21,11.54,0.41,46.0,0.0,0.0,0.0,0.0,0.0,0.0,0.0,87.14,0.0,0.0,9.14,0.0,2.4,43.0,0.09,10.0,12.0,169.0,0.0,0.08,0.039,0.0,0.024,0.5,225.0,0.0,11.0,71.0,11.0,0.18,0.0,0.0,0.0,0.0,116.0,0.0,129.0,0.0,0.0,0.0,0.0,0.0,0.0,0.0,45.0,0.1,0.04,0.4,0.25,0.051,17.0,0.0,8.4,0.0,0.0,0.0,0.0,17.0,17.0,0.0,0.007,0.011,0.019,0.017,0.035,0.015,0.007,0.023,0.012,0.03,0.049,0.013,0.038,0.085,0.071,0.071,0.035,0.024,0.0,0.0,0.0,0.0,0.0,0.025,0.0,0.0,0.0,0.0,0.0,0.001,0.023,0.001,0.0,0.034,0.031,0.011,0.0,0.0,0.0,0.0,0.005,0.0,0.0,0.0,0.0,0.0,0.0,0.0,0.0,0.0,0.039,0.042,0.0,0.0,0.0,0.0,0.0,0.0,0.0,0.0,0.0,0.0,0.0,0.0,0.0,0.0,0.0,0.0,0.0,0.0,0.0,0.0,0.0,0.0,0.0,0.0,0.0,0.0,0.0,0.0
54,Oysters,174219,4.409248840367555,9.45,2.3,4.95,1.23,81.0,0.0,0.0,0.0,0.0,0.0,0.0,0.0,82.06,0.0,0.0,0.0,0.0,0.0,8.0,5.11,22.0,162.0,168.0,106.0,16.62,1.576,0.0,0.643,77.0,270.0,81.0,81.0,0.0,0.0,0.0,0.0,0.0,0.0,0.0,0.0,0.0,0.0,0.0,0.0,0.0,0.0,0.0,0.0,0.0,8.0,0.067,0.233,2.01,0.5,0.05,10.0,16.0,0.0,0.0,0.0,0.0,0.0,10.0,10.0,0.0,0.106,0.407,0.411,0.665,0.706,0.213,0.124,0.339,0.302,0.413,0.689,0.181,0.572,0.912,1.285,0.591,0.386,0.423,0.0,0.0,0.0,50.0,0.0,0.51,0.0,0.0,0.0,0.0,0.0,0.082,0.357,0.071,0.0,0.191,0.032,0.032,0.038,0.25,0.0,0.0,0.114,0.084,0.0,0.438,0.053,0.02,0.0,0.0,0.0,0.0,0.358,0.894,0.0,0.0,0.0,0.0,0.0,0.0,0.0,0.0,0.0,0.0,0.0,0.0,0.0,0.0,0.0,0.0,0.0,0.0,0.0,0.0,0.0,0.0,0.0,0.0,0.0,0.0,0.0,0.0
55,Peaches,169928,0.4023439566835394,0.91,0.25,9.54,0.43,39.0,0.0,4.76,1.95,1.53,0.0,0.08,0.0,88.87,0.0,0.0,8.39,0.06,1.5,6.0,0.25,9.0,20.0,190.0,0.0,0.17,0.068,4.0,0.061,0.1,326.0,0.0,16.0,162.0,0.0,0.73,0.0,0.0,0.0,0.0,67.0,0.0,91.0,0.0,0.02,0.0,0.03,0.0,0.0,0.0,6.6,0.024,0.031,0.806,0.153,0.025,4.0,0.0,6.1,0.0,0.0,2.6,0.0,4.0,4.0,0.3,0.01,0.016,0.017,0.027,0.03,0.01,0.012,0.019,0.014,0.022,0.018,0.013,0.028,0.418,0.056,0.021,0.018,0.032,0.0,0.0,0.0,0.0,0.0,0.019,0.0,0.0,0.0,0.0,0.0,0.0,0.017,0.002,0.0,0.065,0.084,0.002,0.0,0.0,0.0,0.0,0.002,0.0,0.0,0.0,0.0,0.0,10.0,0.0,0.0,0.0,0.067,0.086,0.0,0.0,0.0,0.0,0.0,0.0,0.0,0.0,0.0,0.0,0.0,0.0,0.0,0.0,0.0,0.0,0.0,0.0,0.0,0.0,0.0,0.0,0.0,0.0,0.0,0.0,0.0,0.0
56,Peanuts,172430,0.5401329829450255,25.8,49.24,16.13,2.33,567.0,0.0,0.0,0.0,0.0,0.0,0.0,0.0,6.5,0.0,0.0,4.72,0.0,8.5,92.0,4.58,168.0,376.0,705.0,18.0,3.27,1.144,0.0,1.934,7.2,0.0,0.0,0.0,0.0,0.0,8.33,0.0,0.0,0.0,0.0,0.0,0.0,0.0,0.0,0.0,0.0,0.0,0.0,0.0,0.0,0.0,0.64,0.135,12.066,1.767,0.348,240.0,0.0,52.5,0.0,0.0,0.0,0.0,240.0,240.0,0.6,0.25,0.883,0.907,1.672,0.926,0.317,0.331,1.377,1.049,1.082,3.085,0.652,1.025,3.146,5.39,1.554,1.138,1.271,0.0,0.0,0.0,0.0,0.0,6.279,0.0,0.0,0.0,0.0,0.0,0.025,5.154,1.1,0.0,23.756,15.555,0.003,0.0,0.0,0.0,0.0,0.009,0.0,0.661,0.0,0.0,0.0,0.0,0.0,0.0,0.0,24.426,15.558,0.0,0.0,0.0,0.0,0.0,0.0,0.0,0.0,0.0,0.0,0.0,0.0,0.0,0.0,0.0,0.0,0.0,0.0,0.0,0.0,0.0,0.0,0.0,0.0,0.0,0.0,0.0,0.0
57,Pears,169118,0.396097520826352,0.36,0.14,15.23,0.32,57.0,0.0,0.71,2.6,6.42,0.0,0.0,0.0,83.96,0.0,0.0,9.75,0.0,3.1,9.0,0.18,7.0,12.0,116.0,1.0,0.1,0.082,2.2,0.048,0.1,25.0,0.0,1.0,14.0,1.0,0.12,0.0,0.0,0.0,0.0,2.0,0.0,44.0,0.0,0.03,0.0,0.02,0.0,0.0,0.0,4.3,0.012,0.026,0.161,0.049,0.029,7.0,0.0,5.1,0.0,0.0,4.4,0.0,7.0,7.0,0.2,0.002,0.011,0.011,0.019,0.017,0.002,0.002,0.011,0.002,0.017,0.01,0.002,0.014,0.105,0.03,0.013,0.021,0.015,0.0,0.0,0.0,0.0,0.0,0.022,0.0,0.0,0.0,0.0,0.0,0.0,0.017,0.003,0.0,0.081,0.093,0.001,0.0,0.0,0.0,0.0,0.002,0.0,0.001,0.0,0.0,0.0,8.0,0.0,0.0,0.0,0.084,0.094,0.0,0.0,0.0,0.0,0.0,0.0,0.0,0.0,0.0,0.0,0.0,0.0,0.0,0.0,0.0,0.0,0.0,0.0,0.0,0.0,0.0,0.0,0.0,0.0,0.0,0.0,0.0,0.0
58,Peas,170419,0.3204054157333757,5.42,0.4,14.45,0.87,81.0,0.0,4.99,0.12,0.39,0.0,0.17,0.0,78.86,0.0,0.0,5.67,0.0,5.7,25.0,1.47,33.0,108.0,244.0,5.0,1.24,0.176,0.0,0.41,1.8,765.0,0.0,38.0,449.0,21.0,0.13,0.0,0.0,0.0,0.0,0.0,0.0,2477.0,0.0,0.95,0.02,0.0,0.0,0.0,0.0,40.0,0.266,0.132,2.09,0.104,0.169,65.0,0.0,28.4,0.0,0.0,24.8,0.0,65.0,65.0,0.2,0.037,0.203,0.195,0.323,0.317,0.082,0.032,0.2,0.114,0.235,0.428,0.107,0.24,0.496,0.741,0.184,0.173,0.181,0.0,0.0,0.0,0.0,0.0,0.071,0.0,0.0,0.0,0.0,0.0,0.0,0.064,0.007,0.0,0.035,0.152,0.035,0.0,0.0,0.0,0.0,0.0,0.0,0.0,0.0,0.0,0.0,0.0,0.0,0.0,0.0,0.035,0.187,0.0,0.0,0.0,0.0,0.0,0.0,0.0,0.0,0.0,0.0,0.0,0.0,0.0,0.0,0.0,0.0,0.0,0.0,0.0,0.0,0.0,0.0,0.0,0.0,0.0,0.0,0.0,0.0
59,Pineapple,169124,0.22046244201837775,0.54,0.12,13.12,0.22,50.0,0.0,5.99,1.73,2.12,0.0,0.0,0.0,86.0,0.0,0.0,9.85,0.0,1.4,13.0,0.29,12.0,8.0,109.0,1.0,0.12,0.11,0.0,0.927,0.1,58.0,0.0,3.0,35.0,0.0,0.02,0.0,0.0,0.0,0.0,0.0,0.0,0.0,0.0,0.0,0.0,0.02,0.0,0.0,0.0,47.8,0.079,0.032,0.5,0.213,0.112,18.0,0.0,5.5,0.0,0.0,0.7,0.0,18.0,18.0,0.1,0.005,0.019,0.019,0.024,0.026,0.012,0.014,0.021,0.019,0.024,0.019,0.01,0.033,0.121,0.079,0.024,0.017,0.035,0.0,0.0,0.0,0.0,0.0,0.009,0.0,0.0,0.0,0.0,0.0,0.0,0.005,0.003,0.0,0.012,0.023,0.017,0.0,0.0,0.0,0.0,0.001,0.0,0.0,0.0,0.0,0.0,6.0,0.0,0.0,0.0,0.013,0.04,0.0,0.0,0.0,0.0,0.0,0.0,0.0,0.0,0.0,0.0,0.0,0.0,0.0,0.0,0.0,0.0,0.0,0.0,0.0,0.0,0.0,0.0,0.0,0.0,0.0,0.0,0.0,0.0
60,Pink Salmon,175138,0.7936647912661599,20.5,4.4,0.0,1.52,127.0,0.0,0.0,0.0,0.0,0.0,0.0,0.0,75.52,0.0,0.0,0.0,0.0,0.0,7.0,0.38,27.0,261.0,366.0,75.0,0.39,0.063,0.0,0.011,31.4,117.0,35.0,35.0,0.0,0.0,0.4,435.0,0.0,10.9,10.9,0.0,0.0,0.0,0.0,0.0,0.0,0.0,0.0,0.0,0.0,0.0,0.08,0.105,7.995,1.03,0.611,4.0,4.15,94.6,0.0,0.0,0.4,0.0,4.0,4.0,0.0,0.221,1.066,0.954,1.562,1.759,0.577,0.159,0.845,0.742,1.1,1.287,0.543,1.308,2.575,2.903,1.263,0.867,0.905,0.0,0.0,0.0,46.0,0.034,0.81,0.0,0.0,0.0,0.0,0.003,0.203,0.472,0.102,0.006,0.63,0.081,0.047,0.014,0.333,0.002,0.003,0.18,0.072,0.449,0.182,0.047,0.047,0.0,0.0,0.0,0.0,1.348,0.811,0.013,0.01,0.001,0.005,0.009,0.001,0.019,0.0,0.005,0.034,0.018,0.175,0.622,0.057,0.045,0.002,0.004,0.013,0.015,0.019,0.0,0.002,0.045,0.008,0.004,0.0,0.0,0.001
61,Pomegranates,169134,0.881849768073511,1.67,1.17,18.7,0.53,83.0,0.0,0.0,0.0,0.0,0.0,0.0,0.0,77.93,0.0,0.0,13.67,0.0,4.0,10.0,0.3,12.0,36.0,236.0,3.0,0.35,0.158,0.0,0.119,0.5,0.0,0.0,0.0,0.0,0.0,0.6,0.0,0.0,0.0,0.0,0.0,0.0,0.0,0.0,0.0,0.0,0.0,0.0,0.0,0.0,10.2,0.067,0.053,0.293,0.377,0.075,38.0,0.0,7.6,0.0,0.0,16.4,0.0,38.0,38.0,0.0,0.0,0.0,0.0,0.0,0.0,0.0,0.0,0.0,0.0,0.0,0.0,0.0,0.0,0.0,0.0,0.0,0.0,0.0,0.0,0.0,0.0,0.0,0.0,0.12,0.0,0.0,0.0,0.0,0.006,0.006,0.07,0.038,0.0,0.077,0.079,0.0,0.0,0.0,0.0,0.0,0.012,0.0,0.004,0.0,0.0,0.0,0.0,0.0,1.0,4.0,0.093,0.079,0.0,0.0,0.0,0.0,0.0,0.0,0.0,0.0,0.0,0.0,0.0,0.0,0.0,0.0,0.0,0.0,0.0,0.0,0.0,0.0,0.0,0.0,0.0,0.0,0.0,0.0,0.0,0.0
62,Potatoes,170026,0.12097876505758479,2.05,0.09,17.49,1.11,77.0,15.29,0.17,0.31,0.26,0.0,0.0,0.0,79.25,0.0,0.0,0.82,0.0,2.1,12.0,0.81,23.0,57.0,425.0,6.0,0.3,0.11,0.0,0.153,0.4,2.0,0.0,0.0,1.0,0.0,0.01,0.0,0.0,0.0,0.0,0.0,0.0,9.0,0.0,0.0,0.0,0.0,0.0,0.0,0.0,19.7,0.081,0.032,1.061,0.295,0.298,15.0,0.0,12.1,0.0,0.0,2.0,0.0,15.0,15.0,0.2,0.021,0.067,0.066,0.098,0.107,0.032,0.024,0.081,0.048,0.103,0.101,0.035,0.063,0.48,0.351,0.057,0.063,0.074,0.0,0.0,0.0,0.0,0.0,0.025,0.0,0.0,0.0,0.001,0.003,0.001,0.016,0.004,0.0,0.001,0.032,0.01,0.0,0.0,0.0,0.0,0.001,0.0,0.0,0.0,0.0,0.0,0.0,0.0,0.0,0.0,0.002,0.042,0.0,0.0,0.0,0.0,0.0,0.0,0.0,0.0,0.0,0.0,0.0,0.0,0.0,0.0,0.0,0.0,0.0,0.0,0.0,0.0,0.0,0.0,0.0,0.0,0.0,0.0,0.0,0.0
63,Pumpkin seeds,169415,1.2628088678812677,29.84,49.05,14.71,4.37,574.0,0.74,1.14,0.07,0.07,0.0,0.0,0.0,2.03,0.0,0.0,1.29,0.0,6.5,52.0,8.07,550.0,1174.0,788.0,256.0,7.64,1.275,0.0,4.49,9.4,8.0,0.0,0.0,5.0,1.0,0.56,0.0,0.0,0.0,0.0,0.0,0.0,30.0,0.09,12.73,0.28,0.0,0.0,0.0,0.0,1.8,0.07,0.15,4.43,0.57,0.1,57.0,0.0,63.0,0.0,0.0,4.5,0.0,57.0,57.0,1.5,0.569,0.985,1.265,2.388,1.22,0.595,0.327,1.711,1.079,1.559,5.284,0.77,1.466,2.922,6.108,1.819,1.299,1.652,0.0,0.0,0.0,0.0,0.042,8.544,0.0,0.007,0.002,0.002,0.006,0.058,5.191,2.913,0.216,15.626,19.59,0.111,0.123,0.0,0.06,0.0,0.044,0.0,0.053,0.0,0.001,0.0,0.0,0.0,3.0,13.0,15.734,19.856,0.008,0.038,0.043,0.0,0.015,0.001,0.026,0.0,0.005,0.01,0.012,0.044,15.611,19.559,0.0,0.0,0.0,0.0,0.016,0.026,0.0,0.0,0.111,0.0,0.0,0.0,0.0,0.005
64,Quinoa,168874,0.4893384363039913,14.12,6.07,64.16,2.38,368.0,52.22,0.0,0.0,0.0,0.0,0.0,0.0,13.28,0.0,0.0,0.0,0.0,7.0,47.0,4.57,197.0,457.0,563.0,5.0,3.1,0.59,0.0,2.033,8.5,14.0,0.0,1.0,8.0,0.0,2.44,0.0,0.0,0.0,0.0,1.0,0.0,163.0,0.08,4.55,0.35,0.0,0.0,0.0,0.0,0.0,0.36,0.318,1.52,0.772,0.487,184.0,0.0,70.2,1.1,0.0,0.0,0.0,184.0,184.0,630.4,0.167,0.421,0.504,0.84,0.766,0.309,0.203,0.593,0.267,0.594,1.091,0.407,0.588,1.134,1.865,0.694,0.773,0.567,0.0,0.0,0.0,0.0,0.0,0.706,0.0,0.0,0.0,0.0,0.0,0.0,0.6,0.037,0.03,1.42,2.977,0.26,0.009,0.047,0.03,0.0,0.0,0.0,0.093,0.0,0.083,0.0,0.0,0.0,0.0,0.0,1.613,3.292,0.0,0.0,0.01,0.0,0.0,0.0,0.0,0.0,0.0,0.017,0.0,0.0,0.0,0.0,0.0,0.0,0.0,0.0,0.0,0.0,0.0,0.0,0.0,0.0,0.0,0.0,0.0,0.0
65,Raspberries,167755,1.6755145593396712,1.2,0.65,11.94,0.46,52.0,0.0,0.2,1.86,2.35,0.0,0.0,0.0,85.75,0.0,0.0,4.42,0.0,6.5,25.0,0.69,22.0,29.0,151.0,1.0,0.42,0.09,0.0,0.67,0.2,33.0,0.0,2.0,12.0,16.0,0.87,0.0,0.0,0.0,0.0,0.0,0.0,136.0,0.06,1.42,1.04,0.0,0.0,0.0,0.0,26.2,0.032,0.038,0.598,0.329,0.055,21.0,0.0,12.3,0.0,0.0,7.8,0.0,21.0,21.0,0.8,0.0,0.0,0.0,0.0,0.0,0.0,0.0,0.0,0.0,0.0,0.0,0.0,0.0,0.0,0.0,0.0,0.0,0.0,0.0,0.0,0.0,0.0,0.0,0.019,0.0,0.0,0.0,0.0,0.0,0.0,0.016,0.004,0.0,0.059,0.249,0.126,0.0,0.0,0.0,0.0,0.0,0.0,0.005,0.0,0.0,0.0,0.0,0.0,0.0,0.0,0.064,0.375,0.0,0.0,0.0,0.0,0.0,0.0,0.0,0.0,0.0,0.0,0.0,0.0,0.0,0.0,0.0,0.0,0.0,0.0,0.0,0.0,0.0,0.0,0.0,0.0,0.0,0.0,0.0,0.0
66,Red Bell Pepper,170108,0.5511561050459444,0.99,0.3,6.03,0.47,26.0,0.0,0.0,1.94,2.26,0.0,0.0,0.0,92.21,0.0,0.0,4.2,0.0,2.1,7.0,0.43,12.0,26.0,211.0,4.0,0.25,0.017,0.0,0.112,0.1,3131.0,0.0,157.0,1624.0,20.0,1.58,0.0,0.0,0.0,0.0,490.0,0.0,51.0,0.05,0.14,0.01,0.0,0.0,0.0,0.0,127.7,0.054,0.085,0.979,0.317,0.291,46.0,0.0,5.6,0.0,0.0,4.9,0.0,46.0,46.0,0.1,0.012,0.04,0.021,0.036,0.036,0.006,0.019,0.05,0.009,0.031,0.036,0.017,0.026,0.284,0.211,0.028,0.024,0.05,0.0,0.0,0.0,0.0,0.0,0.059,0.0,0.0,0.0,0.0,0.0,0.0,0.056,0.004,0.0,0.004,0.1,0.056,0.0,0.0,0.0,0.0,0.004,0.0,0.0,0.0,0.0,0.0,0.0,0.0,0.0,0.0,0.007,0.156,0.0,0.0,0.0,0.0,0.0,0.0,0.0,0.0,0.0,0.0,0.0,0.0,0.0,0.0,0.0,0.0,0.0,0.0,0.0,0.0,0.0,0.0,0.0,0.0,0.0,0.0,0.0,0.0
67,Sardines,175139,0.881849768073511,24.62,11.45,0.0,3.38,208.0,0.0,0.0,0.0,0.0,0.0,0.0,0.0,59.61,0.0,0.0,0.0,0.0,0.0,382.0,2.92,39.0,490.0,397.0,307.0,1.31,0.186,0.0,0.108,52.7,108.0,32.0,32.0,0.0,0.0,2.04,193.0,0.0,4.8,4.8,0.0,0.0,0.0,0.0,0.0,0.0,0.0,0.0,0.0,0.0,0.0,0.08,0.227,5.245,0.642,0.167,10.0,8.94,75.0,0.0,0.0,2.6,0.0,10.0,10.0,0.0,0.276,1.079,1.134,2.001,2.26,0.729,0.264,0.961,0.831,1.268,1.473,0.725,1.489,2.52,3.674,1.181,0.87,1.004,0.0,0.0,0.0,142.0,0.0,1.528,0.0,0.0,0.0,0.0,0.0,0.192,0.993,0.343,0.0,2.145,3.543,0.498,0.0,0.509,0.0,0.0,0.22,0.125,0.423,0.473,1.081,0.0,0.0,0.0,0.0,0.0,3.869,5.148,0.0,0.0,0.0,0.0,0.0,0.0,0.0,0.0,0.0,0.0,0.0,0.0,0.0,0.0,0.0,0.0,0.0,0.0,0.0,0.0,0.0,0.0,0.0,0.0,0.0,0.0,0.0,0.0
68,Shrimp,175179,1.653468315137833,20.1,0.51,0.0,1.23,85.0,0.0,0.0,0.0,0.0,0.0,0.0,0.0,78.45,0.0,0.0,0.0,0.0,0.0,64.0,0.52,35.0,214.0,264.0,119.0,1.34,0.391,0.0,0.033,0.0,0.0,0.0,0.0,0.0,0.0,0.0,0.0,0.0,0.0,0.0,0.0,0.0,0.0,0.0,0.0,0.0,0.0,0.0,0.0,0.0,0.0,0.0,0.0,0.0,0.0,0.0,0.0,0.0,0.0,0.0,0.0,0.0,0.0,0.0,0.0,0.0,0.0,0.0,0.0,0.0,0.0,0.0,0.0,0.0,0.0,0.0,0.0,0.0,0.0,0.0,0.0,0.0,0.0,0.0,0.0,0.0,0.0,161.0,0.004,0.101,0.0,0.0,0.0,0.0,0.0,0.001,0.052,0.037,0.002,0.038,0.032,0.002,0.012,0.031,0.003,0.0,0.003,0.0,0.002,0.03,0.0,0.002,0.0,0.0,0.0,0.0,0.086,0.152,0.001,0.004,0.0,0.001,0.002,0.0,0.001,0.0,0.0,0.0,0.004,0.002,0.036,0.031,0.0,0.0,0.0,0.002,0.003,0.001,0.0,0.0,0.002,0.0,0.002,0.0,0.0,0.001
69,Skim Milk,171269,0.08790939875482813,3.37,0.08,4.96,0.75,34.0,0.0,0.0,0.0,0.0,5.09,0.0,0.0,90.84,0.0,0.0,5.09,0.0,0.0,122.0,0.03,11.0,101.0,156.0,42.0,0.42,0.013,3.1,0.003,3.1,204.0,61.0,61.0,0.0,0.0,0.01,47.0,0.0,1.2,1.2,0.0,0.0,0.0,0.0,0.0,0.0,0.0,0.0,0.0,0.0,0.0,0.045,0.182,0.094,0.357,0.037,5.0,0.5,15.6,0.0,0.0,0.0,0.0,5.0,5.0,1.9,0.043,0.144,0.174,0.319,0.282,0.088,0.021,0.175,0.17,0.221,0.096,0.102,0.114,0.288,0.757,0.067,0.332,0.203,0.0,0.0,0.0,2.0,0.0,0.056,0.004,0.0,0.001,0.002,0.001,0.008,0.025,0.009,0.0,0.018,0.002,0.001,0.0,0.0,0.0,0.0,0.003,0.0,0.0,0.0,0.0,0.0,0.0,0.0,0.0,0.0,0.022,0.003,0.0,0.0,0.0,0.0,0.0,0.0,0.0,0.0,0.0,0.0,0.0,0.0,0.0,0.0,0.0,0.0,0.0,0.0,0.0,0.0,0.0,0.0,0.0,0.0,0.0,0.0,0.0,0.0
70,Soy Protein Powder,173181,1.9841619781654,55.56,5.56,28.89,5.87,388.0,0.0,0.0,0.0,0.0,0.0,0.0,0.0,4.13,0.0,0.0,22.22,0.0,6.7,178.0,12.0,64.0,1272.0,933.0,733.0,6.6,2.62,0.0,0.0,1.3,0.0,0.0,0.0,0.0,0.0,0.0,0.0,0.0,0.0,0.0,0.0,0.0,0.0,0.0,0.0,0.0,0.0,0.0,0.0,0.0,0.0,0.288,0.164,2.357,0.0,0.164,289.0,0.0,312.9,0.0,0.0,0.0,0.0,289.0,289.0,0.0,0.722,2.169,2.762,4.602,3.551,0.722,0.722,2.958,2.169,2.827,4.273,1.511,2.433,6.576,10.849,2.367,2.893,2.958,0.0,0.0,0.0,0.0,0.0,1.111,0.0,0.0,0.0,0.0,0.0,0.013,0.508,0.17,0.0,1.044,2.381,0.32,0.0,0.0,0.0,0.0,0.013,0.0,0.0,0.0,0.0,0.0,0.0,0.0,0.0,0.0,1.057,2.701,0.0,0.0,0.0,0.0,0.0,0.0,0.0,0.0,0.0,0.0,0.0,0.0,0.0,0.0,0.0,0.0,0.0,0.0,0.0,0.0,0.0,0.0,0.0,0.0,0.0,0.0,0.0,0.0
71,Spinach,168462,0.7275260586606466,2.86,0.39,3.63,1.72,23.0,0.0,0.07,0.11,0.15,0.0,0.0,0.0,91.4,0.0,0.0,0.42,0.1,2.2,99.0,2.71,79.0,49.0,558.0,79.0,0.53,0.13,0.0,0.897,1.0,9377.0,0.0,469.0,5626.0,0.0,2.03,0.0,0.0,0.0,0.0,0.0,0.0,12198.0,0.0,0.18,0.0,0.0,0.0,0.0,0.0,28.1,0.078,0.189,0.724,0.065,0.195,194.0,0.0,19.3,0.0,0.0,482.9,0.0,194.0,194.0,102.6,0.039,0.122,0.147,0.223,0.174,0.053,0.035,0.129,0.108,0.161,0.162,0.064,0.142,0.24,0.343,0.134,0.112,0.104,0.0,0.0,0.0,0.0,0.0,0.063,0.0,0.0,0.0,0.0,0.0,0.01,0.049,0.004,0.0,0.005,0.026,0.138,0.0,0.0,0.0,0.0,0.005,0.0,0.0,0.0,0.0,0.0,9.0,0.0,0.0,0.0,0.01,0.165,0.0,0.0,0.0,0.0,0.0,0.0,0.0,0.0,0.0,0.0,0.0,0.0,0.0,0.0,0.0,0.0,0.0,0.0,0.0,0.0,0.0,0.0,0.0,0.0,0.0,0.0,0.0,0.0
72,Split Peas,172428,0.2644446992010441,23.12,3.89,61.63,2.67,364.0,0.0,2.69,0.44,0.0,0.0,0.0,0.0,8.69,0.0,0.0,3.14,0.0,22.2,46.0,4.73,63.0,334.0,852.0,5.0,3.49,0.809,0.0,1.19,10.7,149.0,0.0,7.0,89.0,0.0,0.12,0.0,0.0,0.0,0.0,0.0,0.0,0.0,0.0,5.75,0.14,0.0,0.0,0.0,0.0,1.8,0.719,0.244,3.608,0.962,0.14,15.0,0.0,156.9,0.0,0.0,15.9,0.0,15.0,15.0,0.6,0.159,0.813,0.983,1.68,1.771,0.195,0.273,1.151,0.518,1.035,1.902,0.586,1.049,2.549,3.871,1.012,1.035,1.069,0.0,0.0,0.0,0.0,0.004,0.408,0.0,0.0,0.0,0.004,0.001,0.006,0.268,0.096,0.013,0.602,0.856,0.163,0.001,0.0,0.004,0.0,0.001,0.0,0.009,0.0,0.002,0.0,0.0,0.0,0.0,0.0,0.615,1.022,0.005,0.005,0.007,0.0,0.002,0.0,0.002,0.0,0.0,0.0,0.001,0.001,0.6,0.854,0.002,0.001,0.001,0.0,0.002,0.002,0.0,0.0,0.163,0.0,0.0,0.0,0.0,0.0
73,Strawberries,167762,0.5805510973150615,0.67,0.3,7.68,0.4,32.0,0.04,0.47,1.99,2.44,0.0,0.0,0.0,90.95,0.0,0.0,4.89,0.0,2.0,16.0,0.41,13.0,24.0,153.0,1.0,0.14,0.048,4.4,0.386,0.4,12.0,0.0,1.0,7.0,0.0,0.29,0.0,0.0,0.0,0.0,0.0,0.0,26.0,0.01,0.08,0.01,0.01,0.0,0.0,0.0,58.8,0.024,0.022,0.386,0.125,0.047,24.0,0.0,5.7,0.0,0.0,2.2,0.0,24.0,24.0,0.2,0.008,0.02,0.016,0.034,0.026,0.002,0.006,0.019,0.022,0.019,0.028,0.012,0.033,0.149,0.098,0.026,0.02,0.025,0.0,0.0,0.0,0.0,0.0,0.015,0.0,0.0,0.0,0.0,0.0,0.0,0.012,0.003,0.0,0.042,0.09,0.065,0.0,0.0,0.0,0.0,0.001,0.0,0.0,0.0,0.0,0.0,12.0,0.0,0.0,0.0,0.043,0.155,0.0,0.0,0.0,0.0,0.0,0.0,0.0,0.0,0.0,0.0,0.0,0.0,0.0,0.0,0.0,0.0,0.0,0.0,0.0,0.0,0.0,0.0,0.0,0.0,0.0,0.0,0.0,0.0
74,Sugar,169655,0.19837210532813632,0.0,0.0,99.98,0.01,387.0,0.0,99.8,0.0,0.0,0.0,0.0,0.0,0.02,0.0,0.0,99.8,0.0,0.0,1.0,0.05,0.0,0.0,2.0,1.0,0.01,0.007,0.0,0.004,0.6,0.0,0.0,0.0,0.0,0.0,0.0,0.0,0.0,0.0,0.0,0.0,0.0,0.0,0.0,0.0,0.0,0.0,0.0,0.0,0.0,0.0,0.0,0.019,0.0,0.0,0.0,0.0,0.0,0.0,0.0,0.0,0.0,0.0,0.0,0.0,0.0,0.0,0.0,0.0,0.0,0.0,0.0,0.0,0.0,0.0,0.0,0.0,0.0,0.0,0.0,0.0,0.0,0.0,0.0,0.0,0.0,0.0,0.0,0.0,0.0,0.0,0.0,0.0,0.0,0.0,0.0,0.0,0.0,0.0,0.0,0.0,0.0,0.0,0.0,0.0,0.0,0.0,0.0,0.0,0.0,0.0,0.0,0.0,0.0,0.0,0.0,0.0,0.0,0.0,0.0,0.0,0.0,0.0,0.0,0.0,0.0,0.0,0.0,0.0,0.0,0.0,0.0,0.0,0.0,0.0,0.0,0.0,0.0,0.0,0.0,0.0,0.0,0.0,0.0,0.0,0.0
75,Sunflower seeds,170562,0.6062717155505388,20.78,51.46,20.0,3.02,584.0,0.0,2.5,0.0,0.0,0.0,0.0,0.0,4.73,0.0,0.0,2.62,0.0,8.6,78.0,5.25,325.0,660.0,645.0,9.0,5.0,1.8,0.0,1.95,53.0,50.0,0.0,3.0,30.0,0.0,35.17,0.0,0.0,0.0,0.0,0.0,0.0,0.0,1.18,0.37,0.02,0.0,0.0,0.0,0.0,1.4,1.48,0.355,8.335,1.13,1.345,227.0,0.0,55.1,0.0,0.0,0.0,0.0,227.0,227.0,35.4,0.348,0.928,1.139,1.659,0.937,0.494,0.451,1.169,0.666,1.315,2.403,0.632,1.117,2.446,5.579,1.461,1.182,1.075,0.0,0.0,0.0,0.0,0.0,4.455,0.0,0.0,0.0,0.0,0.0,0.025,2.21,1.69,0.115,18.38,23.05,0.06,0.0,0.0,0.32,0.0,0.02,0.014,0.085,0.014,0.029,0.0,534.0,0.0,0.0,0.0,18.528,23.137,0.0,0.02,0.075,0.0,0.0,0.0,0.0,0.0,0.0,0.0,0.0,0.0,0.0,0.0,0.0,0.0,0.015,0.0,0.0,0.0,0.0,0.0,0.0,0.0,0.0,0.0,0.0,0.0
76,Sweet Potato,168482,0.2094393199174589,1.57,0.05,20.12,0.99,86.0,12.65,2.52,0.96,0.7,0.0,0.0,0.0,77.28,0.0,0.0,4.18,0.0,3.0,30.0,0.61,25.0,47.0,337.0,55.0,0.3,0.151,0.0,0.258,0.6,14187.0,0.0,709.0,8509.0,7.0,0.26,0.0,0.0,0.0,0.0,0.0,0.0,0.0,0.01,0.0,0.0,0.01,0.0,0.0,0.0,2.4,0.078,0.061,0.557,0.8,0.209,11.0,0.0,12.3,0.0,0.0,1.8,0.0,11.0,11.0,0.0,0.031,0.083,0.055,0.092,0.066,0.029,0.022,0.089,0.034,0.086,0.055,0.031,0.077,0.382,0.155,0.063,0.052,0.088,0.0,0.0,0.0,0.0,0.0,0.018,0.0,0.0,0.0,0.0,0.0,0.0,0.018,0.001,0.0,0.001,0.013,0.001,0.0,0.0,0.0,0.0,0.0,0.0,0.0,0.0,0.0,0.0,12.0,0.0,0.0,0.0,0.001,0.014,0.0,0.0,0.0,0.0,0.0,0.0,0.0,0.0,0.0,0.0,0.0,0.0,0.0,0.0,0.0,0.0,0.0,0.0,0.0,0.0,0.0,0.0,0.0,0.0,0.0,0.0,0.0,0.0
77,Swiss Chard,169991,0.6613873260551333,1.8,0.2,3.74,1.6,19.0,0.0,0.0,0.0,0.0,0.0,0.0,0.0,92.66,0.0,0.0,1.1,0.0,1.6,51.0,1.8,81.0,46.0,379.0,213.0,0.36,0.179,0.0,0.366,0.9,6116.0,0.0,306.0,3647.0,45.0,1.89,0.0,0.0,0.0,0.0,0.0,0.0,11000.0,0.0,0.0,0.0,0.0,0.0,0.0,0.0,30.0,0.04,0.09,0.4,0.172,0.099,14.0,0.0,18.0,0.0,0.0,830.0,0.0,14.0,14.0,0.3,0.017,0.083,0.147,0.13,0.099,0.019,0.0,0.11,0.0,0.11,0.117,0.036,0.0,0.0,0.0,0.0,0.0,0.0,0.0,0.0,0.0,0.0,0.0,0.03,0.0,0.0,0.0,0.0,0.0,0.0,0.03,0.0,0.0,0.04,0.063,0.007,0.0,0.0,0.0,0.0,0.0,0.0,0.0,0.0,0.0,0.0,0.0,0.0,0.0,0.0,0.04,0.07,0.0,0.0,0.0,0.0,0.0,0.0,0.0,0.0,0.0,0.0,0.0,0.0,0.0,0.0,0.0,0.0,0.0,0.0,0.0,0.0,0.0,0.0,0.0,0.0,0.0,0.0,0.0,0.0
78,Tomatoes,170457,0.17085839256424276,0.88,0.2,3.89,0.5,18.0,0.0,0.0,1.25,1.37,0.0,0.0,0.0,94.52,0.0,0.0,2.63,0.0,1.2,10.0,0.27,11.0,24.0,237.0,5.0,0.17,0.059,2.3,0.114,0.0,833.0,0.0,42.0,449.0,101.0,0.54,0.0,0.0,0.0,0.0,0.0,2573.0,123.0,0.01,0.12,0.0,0.01,0.0,0.0,0.0,13.7,0.037,0.019,0.594,0.089,0.08,15.0,0.0,6.7,0.0,0.0,7.9,0.0,15.0,15.0,0.1,0.006,0.027,0.018,0.025,0.027,0.006,0.009,0.027,0.014,0.018,0.021,0.014,0.027,0.135,0.431,0.019,0.015,0.026,0.0,0.0,0.0,0.0,0.0,0.028,0.0,0.0,0.0,0.0,0.0,0.0,0.02,0.008,0.0,0.03,0.08,0.003,0.0,0.0,0.0,0.0,0.001,0.0,0.0,0.0,0.0,0.0,7.0,0.0,0.0,0.0,0.031,0.083,0.0,0.0,0.0,0.0,0.0,0.0,0.0,0.0,0.0,0.0,0.0,0.0,0.0,0.0,0.0,0.0,0.0,0.0,0.0,0.0,0.0,0.0,0.0,0.0,0.0,0.0,0.0,0.0
79,Tuna,175158,0.7716185470643222,23.62,2.97,0.0,1.46,128.0,0.0,0.0,0.0,0.0,0.0,0.0,0.0,73.19,0.0,0.0,0.0,0.0,0.0,14.0,0.97,33.0,217.0,237.0,377.0,0.48,0.039,0.0,0.019,65.7,20.0,6.0,6.0,0.0,0.0,0.85,80.0,0.0,2.0,2.0,0.0,0.0,0.0,0.0,0.03,0.02,0.08,0.0,0.0,0.0,0.0,0.008,0.044,5.799,0.124,0.217,2.0,1.17,29.3,0.0,0.0,2.5,0.0,2.0,2.0,0.0,0.265,1.035,1.088,1.92,2.169,0.699,0.253,0.922,0.797,1.217,1.413,0.695,1.428,2.419,3.526,1.134,0.835,0.964,0.0,0.0,0.0,42.0,0.0,0.792,0.0,0.0,0.0,0.0,0.0,0.082,0.592,0.118,0.0,0.518,0.055,0.071,0.051,0.629,0.0,0.0,0.144,0.051,0.078,0.233,0.044,0.018,0.0,0.0,0.0,0.0,0.784,1.109,0.0,0.0,0.0,0.0,0.0,0.0,0.0,0.0,0.0,0.0,0.0,0.0,0.0,0.0,0.0,0.0,0.0,0.0,0.0,0.0,0.0,0.0,0.0,0.0,0.0,0.0,0.0,0.0
80,Turkey,171098,0.6591827016349495,23.66,1.48,0.14,1.04,114.0,0.09,0.05,0.0,0.0,0.0,0.0,0.0,74.89,0.0,0.0,0.05,0.0,0.0,11.0,0.73,28.0,201.0,242.0,113.0,1.28,0.07,0.0,0.011,22.7,20.0,6.0,6.0,0.0,0.0,0.06,5.0,0.0,0.1,0.1,0.0,0.0,0.0,0.0,0.01,0.0,0.0,0.0,0.0,0.0,0.0,0.042,0.145,9.924,0.775,0.813,7.0,0.63,61.3,0.0,0.0,0.0,0.0,7.0,7.0,2.5,0.252,0.859,0.678,1.64,1.952,0.619,0.223,0.763,0.703,0.756,1.34,0.641,1.279,1.892,3.209,1.01,1.278,0.937,0.11,0.0,0.0,57.0,0.013,0.289,0.0,0.0,0.0,0.004,0.003,0.004,0.177,0.093,0.002,0.235,0.2,0.009,0.028,0.002,0.002,0.001,0.023,0.0,0.003,0.0,0.0,0.003,0.0,0.0,0.0,0.0,0.264,0.258,0.002,0.003,0.0,0.0,0.01,0.0,0.003,0.0,0.0,0.001,0.003,0.023,0.226,0.196,0.0,0.0,0.001,0.005,0.01,0.003,0.0,0.0,0.009,0.0,0.005,0.0,0.0,0.009
81,Walnuts,170187,1.3337977742111853,15.23,65.21,13.71,1.78,654.0,0.06,2.43,0.08,0.09,0.0,0.0,0.0,4.07,0.0,0.0,2.61,0.0,6.7,98.0,2.91,158.0,346.0,441.0,2.0,3.09,1.586,0.0,3.414,4.9,20.0,0.0,1.0,12.0,0.0,0.7,0.0,0.0,0.0,0.0,0.0,0.0,9.0,0.15,20.83,1.89,0.0,0.0,0.0,0.0,1.3,0.341,0.15,1.125,0.57,0.537,98.0,0.0,39.2,0.0,0.0,2.7,0.0,98.0,98.0,0.3,0.17,0.596,0.625,1.17,0.424,0.236,0.208,0.711,0.406,0.753,2.278,0.391,0.696,1.829,2.816,0.816,0.706,0.934,0.0,0.0,0.0,0.0,0.0,6.126,0.0,0.0,0.0,0.0,0.0,0.0,4.404,1.659,0.063,8.799,38.093,9.08,0.0,0.0,0.0,0.0,0.0,0.0,0.134,0.0,0.0,0.0,0.0,0.0,5.0,87.0,8.933,47.174,0.0,0.0,0.0,0.0,0.0,0.0,0.0,0.0,0.0,0.0,0.0,0.0,0.0,0.0,0.0,0.0,0.0,0.0,0.0,0.0,0.0,0.0,0.0,0.0,0.0,0.0,0.0,0.0
82,Watermelon,167765,0.16534683151378332,0.61,0.15,7.55,0.25,30.0,0.0,1.21,1.58,3.36,0.0,0.06,0.0,91.45,0.0,0.0,6.2,0.0,0.4,7.0,0.24,10.0,11.0,112.0,1.0,0.1,0.042,1.5,0.038,0.4,569.0,0.0,28.0,303.0,0.0,0.05,0.0,0.0,0.0,0.0,78.0,4532.0,8.0,0.0,0.0,0.0,0.01,0.0,0.0,0.0,8.1,0.033,0.021,0.178,0.221,0.045,3.0,0.0,4.1,0.0,0.0,0.1,0.0,3.0,3.0,0.3,0.007,0.027,0.019,0.018,0.062,0.006,0.002,0.015,0.012,0.016,0.059,0.006,0.017,0.039,0.063,0.01,0.024,0.016,0.0,0.0,0.0,0.0,0.0,0.016,0.0,0.0,0.0,0.001,0.001,0.0,0.008,0.006,0.0,0.037,0.05,0.0,0.0,0.0,0.0,0.0,0.0,0.0,0.0,0.0,0.0,0.0,2.0,0.0,0.0,0.0,0.037,0.05,0.0,0.0,0.0,0.0,0.0,0.0,0.0,0.0,0.0,0.0,0.0,0.0,0.0,0.0,0.0,0.0,0.0,0.0,0.0,0.0,0.0,0.0,0.0,0.0,0.0,0.0,0.0,0.0
83,Wheat flour,168893,0.10798250410060144,13.21,2.5,71.97,1.58,340.0,57.77,0.36,0.0,0.05,0.0,0.0,0.0,10.74,0.0,0.0,0.41,0.0,10.7,34.0,3.6,137.0,357.0,363.0,2.0,2.6,0.41,0.0,4.067,61.8,9.0,0.0,0.0,5.0,0.0,0.71,0.0,0.0,0.0,0.0,0.0,0.0,220.0,0.23,1.91,0.0,0.3,0.0,0.03,0.0,0.0,0.502,0.165,4.957,0.603,0.407,44.0,0.0,31.2,0.0,0.0,1.9,0.0,44.0,44.0,72.8,0.174,0.367,0.443,0.898,0.359,0.228,0.275,0.682,0.275,0.564,0.648,0.357,0.489,0.722,4.328,0.569,2.075,0.62,0.0,0.0,0.0,0.0,0.0,0.43,0.0,0.0,0.0,0.0,0.0,0.0,0.41,0.02,0.0,0.273,1.093,0.073,0.0,0.0,0.0,0.0,0.0,0.0,0.01,0.0,0.0,0.0,0.0,0.0,0.0,0.0,0.283,1.167,0.0,0.0,0.0,0.0,0.0,0.0,0.0,0.0,0.0,0.0,0.0,0.0,0.0,0.0,0.0,0.0,0.0,0.0,0.0,0.0,0.0,0.0,0.0,0.0,0.0,0.0,0.0,0.0
84,Whey Protein Powder,173460,2.2046244201837775,50.0,12.0,22.0,4.0,396.0,0.0,0.0,0.0,0.0,0.0,0.0,0.0,12.0,0.0,0.0,4.0,0.0,2.0,1200.0,12.0,280.0,700.0,840.0,250.0,10.0,1.4,0.0,0.0,33.8,3500.0,1050.0,1050.0,0.0,0.0,9.45,280.0,0.0,7.0,7.0,0.0,0.0,0.0,0.0,0.0,0.0,0.0,0.0,0.0,0.0,42.0,1.0,1.2,14.0,8.0,1.4,280.0,4.2,81.6,0.0,0.0,0.5,280.0,0.0,476.0,0.0,0.0,0.0,0.0,0.0,0.0,0.0,0.0,0.0,0.0,0.0,0.0,0.0,0.0,0.0,0.0,0.0,0.0,0.0,0.0,9.45,4.2,10.0,0.0,1.087,0.0,0.0,0.0,0.0,0.0,0.0,0.435,0.653,0.0,8.148,1.196,0.043,0.0,0.0,0.0,0.0,0.0,0.0,0.217,0.0,0.109,0.0,0.0,0.0,0.0,0.0,8.474,1.239,0.0,0.0,0.0,0.0,0.0,0.0,0.0,0.0,0.0,0.0,0.0,0.0,0.0,0.0,0.0,0.0,0.0,0.0,0.0,0.0,0.0,0.0,0.0,0.0,0.0,0.0,0.0,0.0
85,White Beans,175202,0.3526296760083952,23.36,0.85,60.27,4.2,333.0,0.0,0.0,0.0,0.0,0.0,0.0,0.0,11.32,0.0,0.0,2.11,0.0,15.2,240.0,10.44,190.0,301.0,1795.0,16.0,3.67,0.984,0.0,1.796,12.8,0.0,0.0,0.0,0.0,0.0,0.21,0.0,0.0,0.0,0.0,0.0,0.0,0.0,0.0,0.0,0.0,0.0,0.0,0.0,0.0,0.0,0.437,0.146,0.479,0.732,0.318,388.0,0.0,66.2,0.0,0.0,5.6,0.0,388.0,388.0,0.0,0.277,0.983,1.031,1.865,1.603,0.351,0.254,1.263,0.658,1.222,1.446,0.65,0.979,2.825,3.561,0.912,0.99,1.271,0.0,0.0,0.0,0.0,0.0,0.219,0.0,0.0,0.0,0.0,0.0,0.001,0.205,0.013,0.0,0.074,0.198,0.166,0.0,0.0,0.0,0.0,0.0,0.0,0.0,0.0,0.0,0.0,0.0,0.0,0.0,0.0,0.074,0.364,0.0,0.0,0.0,0.0,0.0,0.0,0.0,0.0,0.0,0.0,0.0,0.0,0.0,0.0,0.0,0.0,0.0,0.0,0.0,0.0,0.0,0.0,0.0,0.0,0.0,0.0,0.0,0.0
86,White Rice,169756,0.09915298329776538,7.13,0.66,79.95,0.64,365.0,0.0,0.0,0.0,0.0,0.0,0.0,0.0,11.62,0.0,0.0,0.12,0.0,1.3,28.0,0.8,25.0,115.0,115.0,5.0,1.09,0.22,0.0,1.088,15.1,0.0,0.0,0.0,0.0,0.0,0.11,0.0,0.0,0.0,0.0,0.0,0.0,0.0,0.0,0.0,0.0,0.0,0.0,0.0,0.0,0.0,0.07,0.049,1.6,1.014,0.164,8.0,0.0,5.8,0.0,0.0,0.1,0.0,8.0,8.0,0.0,0.083,0.255,0.308,0.589,0.258,0.168,0.146,0.381,0.238,0.435,0.594,0.168,0.413,0.67,1.389,0.325,0.335,0.375,0.0,0.0,0.0,0.0,0.0,0.18,0.0,0.0,0.0,0.0,0.0,0.004,0.161,0.012,0.0,0.203,0.146,0.031,0.0,0.0,0.0,0.0,0.002,0.0,0.0,0.0,0.0,0.0,0.0,0.0,0.0,0.0,0.206,0.177,0.0,0.0,0.0,0.0,0.0,0.0,0.0,0.0,0.0,0.0,0.0,0.0,0.0,0.0,0.0,0.0,0.0,0.0,0.0,0.0,0.0,0.0,0.0,0.0,0.0,0.0,0.0,0.0
87,Whole Greek Yogurt,171304,0.5039141531848634,9.0,5.0,3.98,0.72,97.0,0.0,0.0,0.0,0.0,0.0,0.0,0.0,81.3,0.0,0.0,4.0,0.0,0.0,100.0,0.0,11.0,135.0,141.0,35.0,0.52,0.017,0.0,0.009,9.7,15.0,1.0,2.0,7.0,0.0,0.01,0.0,0.0,0.0,0.0,0.0,0.0,0.0,0.0,0.0,0.0,0.0,0.0,0.0,0.0,0.0,0.023,0.278,0.208,0.331,0.063,5.0,0.75,15.1,0.0,0.0,0.0,0.0,5.0,5.0,0.0,0.0,0.0,0.0,0.0,0.0,0.0,0.0,0.0,0.0,0.0,0.0,0.0,0.0,0.0,0.0,0.0,0.0,0.0,0.0,0.0,0.0,13.0,0.0,2.395,0.0,0.051,0.086,0.264,0.127,0.316,1.0,0.422,0.003,0.993,0.209,0.023,0.0,0.004,0.0,0.018,0.049,0.0,0.034,0.0,0.0,0.0,0.0,0.0,0.0,0.0,2.136,0.469,0.067,0.06,0.0,0.005,0.114,0.0,0.0,0.0,0.0,0.0,0.0,0.044,0.879,0.209,0.0,0.0,0.0,0.0,0.0,0.0,0.0,0.0,0.023,0.0,0.0,0.0,0.0,0.0
88,Zucchini,169291,0.3314538783448714,1.21,0.32,3.11,0.58,17.0,0.0,0.05,1.07,1.38,0.0,0.0,0.0,94.79,0.0,0.0,2.5,0.0,1.0,16.0,0.37,18.0,38.0,261.0,8.0,0.32,0.053,0.0,0.177,0.2,200.0,0.0,10.0,120.0,0.0,0.12,0.0,0.0,0.0,0.0,0.0,0.0,2125.0,0.0,0.0,0.0,0.0,0.0,0.0,0.0,17.9,0.045,0.094,0.451,0.204,0.163,24.0,0.0,9.5,0.0,0.0,4.3,0.0,24.0,24.0,0.0,0.01,0.029,0.044,0.071,0.067,0.018,0.012,0.043,0.032,0.054,0.051,0.026,0.063,0.147,0.129,0.046,0.037,0.049,0.0,0.0,0.0,0.0,0.0,0.084,0.0,0.0,0.0,0.016,0.003,0.001,0.048,0.006,0.001,0.007,0.03,0.061,0.0,0.0,0.003,0.002,0.002,0.0,0.0,0.0,0.0,0.0,0.0,0.0,0.0,0.0,0.011,0.091,0.001,0.002,0.003,0.0,0.0,0.0,0.0,0.0,0.0,0.0,0.0,0.002,0.007,0.03,0.0,0.0,0.0,0.0,0.0,0.0,0.0,0.0,0.061,0.0,0.0,0.0,0.0,0.0
